Trials,CritCount,CuedSwitch,UnCuedSwitch,TPR,FPR,ans
150,80,84,13,91,15,0.2
150,84,79,1,91,15,0.2
150,78,84,0,91,15,0.2
150,74,80,0,91,15,0.2
150,70,75,0,91,15,0.2
150,60,68,0,91,15,0.2
150,85,84,0,91,15,0.2
150,75,79,0,91,15,0.2
150,79,83,6,91,15,0.2
150,78,86,0,91,15,0.2
150,60,67,2,91,15,0.2
150,80,82,2,91,15,0.2
150,85,88,0,91,15,0.2
150,77,73,0,91,15,0.2
150,72,70,1,91,15,0.2
150,82,82,6,91,15,0.2
150,72,66,0,91,15,0.2
150,82,81,2,91,15,0.2
150,76,72,1,91,15,0.2
150,83,84,2,91,15,0.2
150,79,82,0,91,15,0.2
150,80,90,0,91,15,0.2
150,81,83,3,91,15,0.2
150,77,85,0,91,15,0.2
150,88,84,2,91,15,0.2
150,74,75,0,91,15,0.2
150,80,83,0,91,15,0.2
150,73,80,14,91,15,0.2
150,69,75,1,91,15,0.2
150,81,80,0,91,15,0.2
150,87,87,10,91,15,0.2
150,76,85,2,91,15,0.2
150,82,81,0,91,15,0.2
150,68,78,0,91,15,0.2
150,76,79,0,91,15,0.2
150,70,73,1,91,15,0.2
150,73,74,7,91,15,0.2
150,68,74,16,91,15,0.2
150,56,64,0,91,15,0.2
150,77,79,0,91,15,0.2
150,77,78,3,91,15,0.2
150,73,74,0,91,15,0.2
150,66,73,0,91,15,0.2
150,77,81,0,91,15,0.2
150,77,83,0,91,15,0.2
150,78,82,0,91,15,0.2
150,68,83,0,91,15,0.2
150,77,76,12,91,15,0.2
150,71,78,0,91,15,0.2
150,68,79,3,91,15,0.2
150,83,88,0,91,15,0.2
150,70,80,4,91,15,0.2
150,77,82,0,91,15,0.2
150,75,72,0,91,15,0.2
150,77,84,0,91,15,0.2
150,85,91,3,91,15,0.2
150,72,75,0,91,15,0.2
150,72,77,5,91,15,0.2
150,73,70,1,91,15,0.2
150,83,78,2,91,15,0.2
150,72,78,26,91,15,0.2
150,77,79,3,91,15,0.2
150,79,87,2,91,15,0.2
150,82,90,0,91,15,0.2
150,69,77,3,91,15,0.2
150,75,80,3,91,15,0.2
150,86,88,1,91,15,0.2
150,80,90,0,91,15,0.2
150,83,94,7,91,15,0.2
150,76,82,3,91,15,0.2
150,71,76,4,91,15,0.2
150,72,67,0,91,15,0.2
150,89,90,5,91,15,0.2
150,64,67,0,91,15,0.2
150,85,82,5,91,15,0.2
150,87,90,1,91,15,0.2
150,81,78,0,91,15,0.2
150,75,81,7,91,15,0.2
150,64,64,0,91,15,0.2
150,71,72,3,91,15,0.2
150,66,75,1,91,15,0.2
150,73,77,5,91,15,0.2
150,78,91,0,91,15,0.2
150,75,74,0,91,15,0.2
150,84,92,3,91,15,0.2
150,81,74,2,91,15,0.2
150,74,77,1,91,15,0.2
150,76,75,2,91,15,0.2
150,79,77,2,91,15,0.2
150,76,87,38,91,15,0.2
150,73,77,1,91,15,0.2
150,76,77,5,91,15,0.2
150,75,77,3,91,15,0.2
150,73,83,1,91,15,0.2
150,79,78,2,91,15,0.2
150,76,79,0,91,15,0.2
150,75,71,0,91,15,0.2
150,69,71,1,91,15,0.2
150,70,75,0,91,15,0.2
150,80,84,8,91,15,0.2
150,77,79,1,91,15,0.2
150,77,79,0,91,15,0.2
150,80,85,0,91,15,0.2
150,65,75,10,91,15,0.2
150,77,76,18,91,15,0.2
150,77,76,0,91,15,0.2
150,82,90,0,91,15,0.2
150,85,86,1,91,15,0.2
150,76,80,46,91,15,0.2
150,77,74,0,91,15,0.2
150,85,88,62,91,15,0.2
150,65,73,1,91,15,0.2
150,83,89,0,91,15,0.2
150,76,72,27,91,15,0.2
150,82,84,1,91,15,0.2
150,76,84,1,91,15,0.2
150,81,89,0,91,15,0.2
150,69,67,0,91,15,0.2
150,70,78,9,91,15,0.2
150,84,85,2,91,15,0.2
150,84,80,2,91,15,0.2
150,85,82,24,91,15,0.2
150,77,78,0,91,15,0.2
150,75,75,2,91,15,0.2
150,76,75,3,91,15,0.2
150,87,81,2,91,15,0.2
150,83,88,0,91,15,0.2
150,80,83,2,91,15,0.2
150,75,83,3,91,15,0.2
150,74,77,0,91,15,0.2
150,75,86,1,91,15,0.2
150,80,87,0,91,15,0.2
150,78,77,2,91,15,0.2
150,71,76,1,91,15,0.2
150,75,81,1,91,15,0.2
150,70,76,0,91,15,0.2
150,75,78,2,91,15,0.2
150,72,77,0,91,15,0.2
150,71,71,0,91,15,0.2
150,79,85,0,91,15,0.2
150,71,77,1,91,15,0.2
150,74,81,0,91,15,0.2
150,83,90,5,91,15,0.2
150,77,80,6,91,15,0.2
150,81,81,0,91,15,0.2
150,77,88,0,91,15,0.2
150,85,89,0,91,15,0.2
150,75,76,0,91,15,0.2
150,75,77,0,91,15,0.2
150,66,76,0,91,15,0.2
150,85,84,0,91,15,0.3
150,87,88,0,91,15,0.3
150,69,74,0,91,15,0.3
150,82,82,4,91,15,0.3
150,80,84,2,91,15,0.3
150,84,89,2,91,15,0.3
150,71,81,8,91,15,0.3
150,67,75,23,91,15,0.3
150,78,81,1,91,15,0.3
150,71,79,1,91,15,0.3
150,84,90,0,91,15,0.3
150,73,79,0,91,15,0.3
150,73,81,9,91,15,0.3
150,69,74,0,91,15,0.3
150,80,78,35,91,15,0.3
150,76,75,1,91,15,0.3
150,76,76,0,91,15,0.3
150,83,85,0,91,15,0.3
150,75,76,0,91,15,0.3
150,77,79,0,91,15,0.3
150,81,83,0,91,15,0.3
150,72,71,13,91,15,0.3
150,69,74,0,91,15,0.3
150,63,72,0,91,15,0.3
150,74,80,0,91,15,0.3
150,77,83,1,91,15,0.3
150,77,87,2,91,15,0.3
150,84,81,1,91,15,0.3
150,71,70,37,91,15,0.3
150,84,84,0,91,15,0.3
150,79,83,0,91,15,0.3
150,73,78,0,91,15,0.3
150,77,84,3,91,15,0.3
150,80,91,1,91,15,0.3
150,80,87,7,91,15,0.3
150,71,78,4,91,15,0.3
150,82,82,0,91,15,0.3
150,66,77,0,91,15,0.3
150,72,75,1,91,15,0.3
150,87,84,1,91,15,0.3
150,80,79,7,91,15,0.3
150,84,83,2,91,15,0.3
150,77,79,0,91,15,0.3
150,82,96,0,91,15,0.3
150,82,85,32,91,15,0.3
150,80,89,0,91,15,0.3
150,76,73,5,91,15,0.3
150,73,80,0,91,15,0.3
150,87,89,0,91,15,0.3
150,71,75,3,91,15,0.3
150,73,74,0,91,15,0.3
150,79,83,0,91,15,0.3
150,82,82,2,91,15,0.3
150,77,80,3,91,15,0.3
150,80,83,0,91,15,0.3
150,70,77,0,91,15,0.3
150,70,69,2,91,15,0.3
150,67,65,0,91,15,0.3
150,82,86,0,91,15,0.3
150,76,75,1,91,15,0.3
150,79,87,0,91,15,0.3
150,81,85,4,91,15,0.3
150,69,72,0,91,15,0.3
150,79,76,1,91,15,0.3
150,70,79,1,91,15,0.3
150,83,87,0,91,15,0.3
150,78,85,0,91,15,0.3
150,85,91,0,91,15,0.3
150,86,88,0,91,15,0.3
150,72,79,25,91,15,0.3
150,70,74,0,91,15,0.3
150,76,77,4,91,15,0.3
150,75,79,1,91,15,0.3
150,82,88,0,91,15,0.3
150,72,78,7,91,15,0.3
150,70,72,4,91,15,0.3
150,67,74,2,91,15,0.3
150,78,87,0,91,15,0.3
150,76,81,6,91,15,0.3
150,88,91,10,91,15,0.3
150,70,79,3,91,15,0.3
150,76,89,1,91,15,0.3
150,74,72,1,91,15,0.3
150,76,79,0,91,15,0.3
150,81,76,0,91,15,0.3
150,70,78,0,91,15,0.3
150,82,85,0,91,15,0.3
150,89,88,0,91,15,0.3
150,74,77,0,91,15,0.3
150,76,73,0,91,15,0.3
150,83,87,0,91,15,0.3
150,71,82,0,91,15,0.3
150,73,77,3,91,15,0.3
150,67,78,20,91,15,0.3
150,67,71,11,91,15,0.3
150,77,83,1,91,15,0.3
150,71,73,18,91,15,0.3
150,84,89,0,91,15,0.3
150,70,81,0,91,15,0.3
150,67,77,0,91,15,0.3
150,76,81,2,91,15,0.3
150,74,77,59,91,15,0.3
150,69,76,15,91,15,0.3
150,67,72,4,91,15,0.3
150,75,85,0,91,15,0.3
150,79,84,2,91,15,0.3
150,75,76,5,91,15,0.3
150,82,79,50,91,15,0.3
150,73,70,4,91,15,0.3
150,72,78,0,91,15,0.3
150,71,77,0,91,15,0.3
150,76,74,2,91,15,0.3
150,72,85,0,91,15,0.3
150,84,89,2,91,15,0.3
150,79,79,1,91,15,0.3
150,77,86,0,91,15,0.3
150,79,87,1,91,15,0.3
150,77,79,0,91,15,0.3
150,69,77,1,91,15,0.3
150,86,82,0,91,15,0.3
150,70,74,4,91,15,0.3
150,78,81,4,91,15,0.3
150,92,91,1,91,15,0.3
150,75,74,5,91,15,0.3
150,76,75,2,91,15,0.3
150,75,86,4,91,15,0.3
150,81,82,5,91,15,0.3
150,83,84,29,91,15,0.3
150,67,77,4,91,15,0.3
150,76,87,0,91,15,0.3
150,86,86,2,91,15,0.3
150,90,94,3,91,15,0.3
150,74,79,0,91,15,0.3
150,69,81,0,91,15,0.3
150,75,78,0,91,15,0.3
150,77,85,0,91,15,0.3
150,71,76,17,91,15,0.3
150,80,87,11,91,15,0.3
150,68,76,0,91,15,0.3
150,71,77,1,91,15,0.3
150,72,78,0,91,15,0.3
150,70,81,1,91,15,0.3
150,70,80,3,91,15,0.3
150,80,91,2,91,15,0.3
150,78,83,3,91,15,0.3
150,83,81,0,91,15,0.3
150,72,74,1,91,15,0.3
150,84,84,0,91,15,0.3
150,73,78,4,91,15,0.3
150,75,74,0,91,15,0.3
150,70,83,3,91,15,0.4
150,84,83,6,91,15,0.4
150,91,97,2,91,15,0.4
150,71,83,7,91,15,0.4
150,74,74,10,91,15,0.4
150,72,79,1,91,15,0.4
150,79,85,4,91,15,0.4
150,79,81,3,91,15,0.4
150,69,78,2,91,15,0.4
150,87,85,12,91,15,0.4
150,81,83,59,91,15,0.4
150,85,88,9,91,15,0.4
150,75,77,8,91,15,0.4
150,72,74,1,91,15,0.4
150,85,79,20,91,15,0.4
150,76,73,11,91,15,0.4
150,82,81,4,91,15,0.4
150,87,87,5,91,15,0.4
150,79,85,0,91,15,0.4
150,70,77,3,91,15,0.4
150,67,71,38,91,15,0.4
150,78,79,2,91,15,0.4
150,73,79,3,91,15,0.4
150,78,81,70,91,15,0.4
150,86,86,0,91,15,0.4
150,69,71,35,91,15,0.4
150,81,81,0,91,15,0.4
150,83,82,6,91,15,0.4
150,88,90,0,91,15,0.4
150,82,85,3,91,15,0.4
150,66,70,3,91,15,0.4
150,82,75,2,91,15,0.4
150,72,69,8,91,15,0.4
150,92,90,30,91,15,0.4
150,90,92,9,91,15,0.4
150,77,85,1,91,15,0.4
150,75,80,15,91,15,0.4
150,66,73,10,91,15,0.4
150,73,82,18,91,15,0.4
150,73,73,84,91,15,0.4
150,76,76,33,91,15,0.4
150,76,81,3,91,15,0.4
150,81,85,1,91,15,0.4
150,68,78,10,91,15,0.4
150,77,74,13,91,15,0.4
150,90,87,0,91,15,0.4
150,76,75,0,91,15,0.4
150,79,74,13,91,15,0.4
150,76,78,12,91,15,0.4
150,74,78,8,91,15,0.4
150,80,77,11,91,15,0.4
150,71,75,8,91,15,0.4
150,73,79,1,91,15,0.4
150,84,78,0,91,15,0.4
150,72,67,9,91,15,0.4
150,74,71,33,91,15,0.4
150,78,83,4,91,15,0.4
150,68,69,26,91,15,0.4
150,75,80,2,91,15,0.4
150,72,72,1,91,15,0.4
150,76,77,19,91,15,0.4
150,76,78,3,91,15,0.4
150,72,79,5,91,15,0.4
150,82,77,0,91,15,0.4
150,80,70,66,91,15,0.4
150,76,80,19,91,15,0.4
150,66,73,1,91,15,0.4
150,70,81,3,91,15,0.4
150,80,81,10,91,15,0.4
150,72,76,42,91,15,0.4
150,70,73,3,91,15,0.4
150,74,88,0,91,15,0.4
150,78,83,52,91,15,0.4
150,79,83,4,91,15,0.4
150,77,80,0,91,15,0.4
150,74,75,0,91,15,0.4
150,80,83,0,91,15,0.4
150,80,76,7,91,15,0.4
150,74,81,2,91,15,0.4
150,70,81,0,91,15,0.4
150,74,76,12,91,15,0.4
150,85,81,2,91,15,0.4
150,61,75,5,91,15,0.4
150,78,83,19,91,15,0.4
150,85,91,26,91,15,0.4
150,74,76,0,91,15,0.4
150,74,79,4,91,15,0.4
150,81,86,1,91,15,0.4
150,82,79,20,91,15,0.4
150,78,82,7,91,15,0.4
150,79,78,0,91,15,0.4
150,83,78,2,91,15,0.4
150,82,84,0,91,15,0.4
150,70,77,4,91,15,0.4
150,70,76,3,91,15,0.4
150,79,87,9,91,15,0.4
150,71,73,20,91,15,0.4
150,69,76,2,91,15,0.4
150,77,75,0,91,15,0.4
150,83,89,4,91,15,0.4
150,80,81,6,91,15,0.4
150,70,84,16,91,15,0.4
150,72,73,1,91,15,0.4
150,76,77,33,91,15,0.4
150,83,82,29,91,15,0.4
150,79,91,3,91,15,0.4
150,80,85,13,91,15,0.4
150,87,88,0,91,15,0.4
150,73,78,9,91,15,0.4
150,80,86,0,91,15,0.4
150,81,77,1,91,15,0.4
150,76,85,3,91,15,0.4
150,81,84,4,91,15,0.4
150,80,85,1,91,15,0.4
150,67,70,4,91,15,0.4
150,89,95,3,91,15,0.4
150,80,69,62,91,15,0.4
150,91,96,1,91,15,0.4
150,75,66,3,91,15,0.4
150,74,76,1,91,15,0.4
150,74,82,12,91,15,0.4
150,82,79,49,91,15,0.4
150,80,81,0,91,15,0.4
150,77,81,0,91,15,0.4
150,74,84,3,91,15,0.4
150,63,68,43,91,15,0.4
150,77,80,15,91,15,0.4
150,71,74,0,91,15,0.4
150,77,85,8,91,15,0.4
150,73,72,22,91,15,0.4
150,83,85,1,91,15,0.4
150,77,87,48,91,15,0.4
150,81,80,3,91,15,0.4
150,82,81,20,91,15,0.4
150,80,81,1,91,15,0.4
150,73,76,0,91,15,0.4
150,68,69,23,91,15,0.4
150,70,75,6,91,15,0.4
150,76,79,0,91,15,0.4
150,80,84,2,91,15,0.4
150,71,78,18,91,15,0.4
150,86,86,0,91,15,0.4
150,73,76,12,91,15,0.4
150,80,85,2,91,15,0.4
150,77,79,4,91,15,0.4
150,72,77,26,91,15,0.4
150,85,80,83,91,15,0.4
150,84,83,36,91,15,0.4
150,64,67,49,91,15,0.4
150,77,79,9,91,15,0.4
150,76,71,39,91,15,0.5
150,84,86,62,91,15,0.5
150,66,66,27,91,15,0.5
150,76,81,18,91,15,0.5
150,80,76,54,91,15,0.5
150,94,94,20,91,15,0.5
150,80,83,7,91,15,0.5
150,79,81,62,91,15,0.5
150,74,80,32,91,15,0.5
150,72,74,46,91,15,0.5
150,72,72,15,91,15,0.5
150,72,84,19,91,15,0.5
150,67,71,8,91,15,0.5
150,79,77,28,91,15,0.5
150,74,76,0,91,15,0.5
150,90,90,90,91,15,0.5
150,76,78,3,91,15,0.5
150,67,73,9,91,15,0.5
150,84,80,22,91,15,0.5
150,82,80,40,91,15,0.5
150,81,87,0,91,15,0.5
150,68,84,20,91,15,0.5
150,72,75,4,91,15,0.5
150,69,69,13,91,15,0.5
150,76,75,32,91,15,0.5
150,75,79,8,91,15,0.5
150,78,84,17,91,15,0.5
150,78,82,1,91,15,0.5
150,72,72,1,91,15,0.5
150,77,75,53,91,15,0.5
150,78,76,11,91,15,0.5
150,72,76,1,91,15,0.5
150,87,82,27,91,15,0.5
150,78,87,3,91,15,0.5
150,91,90,27,91,15,0.5
150,67,74,5,91,15,0.5
150,70,69,86,91,15,0.5
150,83,85,2,91,15,0.5
150,86,83,41,91,15,0.5
150,70,72,26,91,15,0.5
150,69,76,8,91,15,0.5
150,71,70,38,91,15,0.5
150,83,86,16,91,15,0.5
150,67,75,42,91,15,0.5
150,68,71,19,91,15,0.5
150,87,77,49,91,15,0.5
150,68,72,84,91,15,0.5
150,70,78,12,91,15,0.5
150,63,64,57,91,15,0.5
150,75,79,15,91,15,0.5
150,70,73,9,91,15,0.5
150,83,88,1,91,15,0.5
150,84,85,22,91,15,0.5
150,68,71,49,91,15,0.5
150,83,87,4,91,15,0.5
150,76,73,72,91,15,0.5
150,75,82,0,91,15,0.5
150,83,80,85,91,15,0.5
150,80,80,7,91,15,0.5
150,80,77,11,91,15,0.5
150,79,79,15,91,15,0.5
150,84,82,2,91,15,0.5
150,79,84,1,91,15,0.5
150,83,90,6,91,15,0.5
150,79,86,27,91,15,0.5
150,69,76,9,91,15,0.5
150,79,82,41,91,15,0.5
150,76,84,12,91,15,0.5
150,69,71,4,91,15,0.5
150,84,85,28,91,15,0.5
150,64,71,3,91,15,0.5
150,76,74,31,91,15,0.5
150,72,77,0,91,15,0.5
150,77,79,23,91,15,0.5
150,75,86,9,91,15,0.5
150,85,82,15,91,15,0.5
150,76,70,84,91,15,0.5
150,75,79,4,91,15,0.5
150,66,71,31,91,15,0.5
150,92,89,19,91,15,0.5
150,80,79,33,91,15,0.5
150,80,81,35,91,15,0.5
150,83,86,10,91,15,0.5
150,74,78,16,91,15,0.5
150,76,72,34,91,15,0.5
150,67,69,33,91,15,0.5
150,80,90,4,91,15,0.5
150,76,78,5,91,15,0.5
150,88,86,40,91,15,0.5
150,68,72,1,91,15,0.5
150,72,71,104,91,15,0.5
150,74,74,4,91,15,0.5
150,71,75,6,91,15,0.5
150,78,82,10,91,15,0.5
150,75,82,6,91,15,0.5
150,69,74,0,91,15,0.5
150,87,91,5,91,15,0.5
150,76,76,6,91,15,0.5
150,88,87,22,91,15,0.5
150,72,77,14,91,15,0.5
150,78,76,16,91,15,0.5
150,85,88,12,91,15,0.5
150,72,68,19,91,15,0.5
150,79,79,18,91,15,0.5
150,78,76,86,91,15,0.5
150,70,73,6,91,15,0.5
150,85,78,29,91,15,0.5
150,79,77,0,91,15,0.5
150,80,82,43,91,15,0.5
150,82,86,2,91,15,0.5
150,71,66,4,91,15,0.5
150,76,81,3,91,15,0.5
150,76,73,3,91,15,0.5
150,72,81,24,91,15,0.5
150,74,74,28,91,15,0.5
150,80,79,8,91,15,0.5
150,82,75,78,91,15,0.5
150,78,80,38,91,15,0.5
150,75,78,1,91,15,0.5
150,74,78,28,91,15,0.5
150,74,77,10,91,15,0.5
150,83,71,90,91,15,0.5
150,74,71,51,91,15,0.5
150,76,71,2,91,15,0.5
150,74,79,34,91,15,0.5
150,78,71,15,91,15,0.5
150,73,73,71,91,15,0.5
150,89,80,15,91,15,0.5
150,75,89,7,91,15,0.5
150,77,78,0,91,15,0.5
150,83,79,67,91,15,0.5
150,79,80,3,91,15,0.5
150,73,73,3,91,15,0.5
150,79,79,23,91,15,0.5
150,79,79,6,91,15,0.5
150,71,75,3,91,15,0.5
150,70,80,27,91,15,0.5
150,74,84,1,91,15,0.5
150,81,79,0,91,15,0.5
150,67,79,0,91,15,0.5
150,86,89,3,91,15,0.5
150,72,76,10,91,15,0.5
150,80,78,2,91,15,0.5
150,68,74,36,91,15,0.5
150,73,76,10,91,15,0.5
150,74,76,1,91,15,0.5
150,82,81,92,91,15,0.5
150,73,74,3,91,15,0.5
150,77,79,50,91,15,0.5
150,73,74,15,91,15,0.5
150,75,70,149,91,15,0.6
150,76,74,71,91,15,0.6
150,79,83,21,91,15,0.6
150,67,75,3,91,15,0.6
150,81,83,7,91,15,0.6
150,74,76,100,91,15,0.6
150,89,86,6,91,15,0.6
150,77,89,43,91,15,0.6
150,80,83,6,91,15,0.6
150,78,69,125,91,15,0.6
150,79,72,83,91,15,0.6
150,90,87,90,91,15,0.6
150,76,72,44,91,15,0.6
150,81,81,12,91,15,0.6
150,80,80,5,91,15,0.6
150,80,78,30,91,15,0.6
150,78,79,67,91,15,0.6
150,69,64,91,91,15,0.6
150,81,82,18,91,15,0.6
150,69,73,24,91,15,0.6
150,78,78,63,91,15,0.6
150,71,71,42,91,15,0.6
150,85,78,120,91,15,0.6
150,75,72,43,91,15,0.6
150,76,73,55,91,15,0.6
150,77,74,44,91,15,0.6
150,71,67,36,91,15,0.6
150,68,74,80,91,15,0.6
150,71,68,65,91,15,0.6
150,82,79,7,91,15,0.6
150,76,84,42,91,15,0.6
150,71,71,78,91,15,0.6
150,80,71,119,91,15,0.6
150,78,83,24,91,15,0.6
150,76,88,8,91,15,0.6
150,74,85,9,91,15,0.6
150,76,78,30,91,15,0.6
150,83,74,94,91,15,0.6
150,85,85,17,91,15,0.6
150,67,76,55,91,15,0.6
150,81,77,25,91,15,0.6
150,78,69,95,91,15,0.6
150,67,71,78,91,15,0.6
150,74,75,4,91,15,0.6
150,76,72,78,91,15,0.6
150,78,79,12,91,15,0.6
150,80,80,11,91,15,0.6
150,73,72,56,91,15,0.6
150,80,87,19,91,15,0.6
150,71,69,65,91,15,0.6
150,77,79,13,91,15,0.6
150,75,73,64,91,15,0.6
150,75,76,32,91,15,0.6
150,84,82,45,91,15,0.6
150,82,71,117,91,15,0.6
150,80,84,24,91,15,0.6
150,69,72,30,91,15,0.6
150,76,79,17,91,15,0.6
150,61,63,95,91,15,0.6
150,79,70,154,91,15,0.6
150,80,81,14,91,15,0.6
150,84,71,119,91,15,0.6
150,78,80,19,91,15,0.6
150,78,75,6,91,15,0.6
150,69,74,50,91,15,0.6
150,64,73,8,91,15,0.6
150,79,79,40,91,15,0.6
150,70,70,52,91,15,0.6
150,76,83,2,91,15,0.6
150,71,65,126,91,15,0.6
150,70,79,68,91,15,0.6
150,76,78,58,91,15,0.6
150,79,81,19,91,15,0.6
150,75,75,13,91,15,0.6
150,84,83,35,91,15,0.6
150,79,85,10,91,15,0.6
150,88,81,104,91,15,0.6
150,77,79,14,91,15,0.6
150,71,72,86,91,15,0.6
150,73,67,116,91,15,0.6
150,71,74,71,91,15,0.6
150,77,76,116,91,15,0.6
150,72,80,15,91,15,0.6
150,88,88,13,91,15,0.6
150,78,76,85,91,15,0.6
150,74,78,62,91,15,0.6
150,74,75,43,91,15,0.6
150,72,83,10,91,15,0.6
150,68,80,14,91,15,0.6
150,71,74,59,91,15,0.6
150,87,86,33,91,15,0.6
150,68,74,92,91,15,0.6
150,83,92,13,91,15,0.6
150,81,76,29,91,15,0.6
150,74,72,92,91,15,0.6
150,74,80,16,91,15,0.6
150,72,75,17,91,15,0.6
150,68,71,18,91,15,0.6
150,82,81,21,91,15,0.6
150,86,88,24,91,15,0.6
150,85,85,28,91,15,0.6
150,68,79,5,91,15,0.6
150,77,76,92,91,15,0.6
150,74,75,8,91,15,0.6
150,75,76,37,91,15,0.6
150,71,64,84,91,15,0.6
150,72,77,87,91,15,0.6
150,88,88,20,91,15,0.6
150,79,79,23,91,15,0.6
150,87,89,5,91,15,0.6
150,79,84,1,91,15,0.6
150,75,80,64,91,15,0.6
150,64,71,17,91,15,0.6
150,65,72,2,91,15,0.6
150,84,83,32,91,15,0.6
150,82,79,80,91,15,0.6
150,79,81,1,91,15,0.6
150,79,82,25,91,15,0.6
150,87,83,77,91,15,0.6
150,89,83,17,91,15,0.6
150,70,78,28,91,15,0.6
150,83,79,47,91,15,0.6
150,74,82,15,91,15,0.6
150,71,71,45,91,15,0.6
150,69,72,17,91,15,0.6
150,75,83,10,91,15,0.6
150,76,83,13,91,15,0.6
150,67,70,13,91,15,0.6
150,79,74,10,91,15,0.6
150,77,80,34,91,15,0.6
150,70,78,30,91,15,0.6
150,74,81,36,91,15,0.6
150,80,75,39,91,15,0.6
150,77,78,69,91,15,0.6
150,84,75,107,91,15,0.6
150,75,80,75,91,15,0.6
150,77,91,27,91,15,0.6
150,89,87,50,91,15,0.6
150,75,75,65,91,15,0.6
150,78,78,5,91,15,0.6
150,80,72,23,91,15,0.6
150,73,80,65,91,15,0.6
150,70,76,32,91,15,0.6
150,74,80,41,91,15,0.6
150,77,77,98,91,15,0.6
150,73,69,97,91,15,0.6
150,81,74,93,91,15,0.6
150,79,85,23,91,15,0.6
150,72,74,76,91,15,0.6
150,74,76,1,91,15,0.6
150,77,68,2,85,10,0.2
150,75,73,1,85,10,0.2
150,69,65,1,85,10,0.2
150,80,70,2,85,10,0.2
150,65,73,0,85,10,0.2
150,83,86,0,85,10,0.2
150,70,67,1,85,10,0.2
150,87,80,0,85,10,0.2
150,89,88,0,85,10,0.2
150,73,68,0,85,10,0.2
150,76,73,0,85,10,0.2
150,69,69,4,85,10,0.2
150,68,67,6,85,10,0.2
150,80,74,0,85,10,0.2
150,80,75,2,85,10,0.2
150,80,72,1,85,10,0.2
150,70,61,1,85,10,0.2
150,71,69,4,85,10,0.2
150,79,75,1,85,10,0.2
150,81,81,0,85,10,0.2
150,76,74,6,85,10,0.2
150,70,67,4,85,10,0.2
150,63,67,0,85,10,0.2
150,71,66,0,85,10,0.2
150,77,67,8,85,10,0.2
150,67,71,0,85,10,0.2
150,73,65,0,85,10,0.2
150,82,85,0,85,10,0.2
150,78,74,1,85,10,0.2
150,88,77,0,85,10,0.2
150,88,78,1,85,10,0.2
150,86,77,1,85,10,0.2
150,80,79,2,85,10,0.2
150,83,77,0,85,10,0.2
150,77,63,1,85,10,0.2
150,81,79,16,85,10,0.2
150,77,73,4,85,10,0.2
150,73,66,3,85,10,0.2
150,71,60,0,85,10,0.2
150,79,72,0,85,10,0.2
150,78,72,2,85,10,0.2
150,79,67,0,85,10,0.2
150,79,67,0,85,10,0.2
150,76,73,2,85,10,0.2
150,69,68,0,85,10,0.2
150,67,67,3,85,10,0.2
150,81,63,0,85,10,0.2
150,78,82,2,85,10,0.2
150,85,78,0,85,10,0.2
150,77,74,1,85,10,0.2
150,75,68,4,85,10,0.2
150,78,70,2,85,10,0.2
150,78,77,0,85,10,0.2
150,74,67,2,85,10,0.2
150,81,71,1,85,10,0.2
150,82,81,1,85,10,0.2
150,78,73,0,85,10,0.2
150,83,75,0,85,10,0.2
150,74,68,0,85,10,0.2
150,62,64,2,85,10,0.2
150,89,76,1,85,10,0.2
150,84,77,0,85,10,0.2
150,82,69,30,85,10,0.2
150,74,69,0,85,10,0.2
150,75,68,0,85,10,0.2
150,76,70,2,85,10,0.2
150,78,72,2,85,10,0.2
150,69,74,3,85,10,0.2
150,76,79,0,85,10,0.2
150,82,76,3,85,10,0.2
150,71,66,1,85,10,0.2
150,74,74,0,85,10,0.2
150,75,74,4,85,10,0.2
150,61,58,2,85,10,0.2
150,82,80,1,85,10,0.2
150,73,67,2,85,10,0.2
150,83,79,0,85,10,0.2
150,81,69,2,85,10,0.2
150,81,75,2,85,10,0.2
150,76,77,2,85,10,0.2
150,71,64,1,85,10,0.2
150,74,74,0,85,10,0.2
150,67,65,0,85,10,0.2
150,79,71,0,85,10,0.2
150,70,68,0,85,10,0.2
150,75,73,2,85,10,0.2
150,85,71,2,85,10,0.2
150,70,71,0,85,10,0.2
150,73,72,0,85,10,0.2
150,79,78,26,85,10,0.2
150,74,79,4,85,10,0.2
150,67,70,0,85,10,0.2
150,82,76,3,85,10,0.2
150,83,76,1,85,10,0.2
150,84,84,4,85,10,0.2
150,83,81,0,85,10,0.2
150,75,69,2,85,10,0.2
150,79,74,3,85,10,0.2
150,82,80,1,85,10,0.2
150,70,69,9,85,10,0.2
150,81,76,0,85,10,0.2
150,75,70,3,85,10,0.2
150,76,68,3,85,10,0.2
150,72,70,4,85,10,0.2
150,79,72,0,85,10,0.2
150,71,68,0,85,10,0.2
150,83,72,0,85,10,0.2
150,72,62,0,85,10,0.2
150,73,73,0,85,10,0.2
150,77,75,1,85,10,0.2
150,75,72,1,85,10,0.2
150,71,68,1,85,10,0.2
150,75,75,0,85,10,0.2
150,73,76,2,85,10,0.2
150,82,84,6,85,10,0.2
150,74,73,2,85,10,0.2
150,84,72,1,85,10,0.2
150,88,82,0,85,10,0.2
150,72,68,0,85,10,0.2
150,78,80,0,85,10,0.2
150,77,74,0,85,10,0.2
150,76,73,2,85,10,0.2
150,81,73,2,85,10,0.2
150,73,68,0,85,10,0.2
150,74,73,1,85,10,0.2
150,78,70,29,85,10,0.2
150,76,71,1,85,10,0.2
150,81,79,3,85,10,0.2
150,65,60,0,85,10,0.2
150,79,75,1,85,10,0.2
150,78,78,0,85,10,0.2
150,85,70,47,85,10,0.2
150,71,66,2,85,10,0.2
150,75,72,0,85,10,0.2
150,81,75,1,85,10,0.2
150,72,74,0,85,10,0.2
150,75,71,4,85,10,0.2
150,68,69,0,85,10,0.2
150,85,79,0,85,10,0.2
150,74,67,1,85,10,0.2
150,71,73,0,85,10,0.2
150,77,72,0,85,10,0.2
150,81,75,0,85,10,0.2
150,86,78,0,85,10,0.2
150,79,83,0,85,10,0.2
150,74,74,0,85,10,0.2
150,72,64,2,85,10,0.2
150,69,62,8,85,10,0.2
150,74,68,0,85,10,0.2
150,74,65,0,85,10,0.2
150,78,67,0,85,10,0.3
150,82,82,4,85,10,0.3
150,86,81,1,85,10,0.3
150,81,81,0,85,10,0.3
150,74,69,1,85,10,0.3
150,85,74,0,85,10,0.3
150,79,64,3,85,10,0.3
150,73,66,4,85,10,0.3
150,75,62,2,85,10,0.3
150,80,75,3,85,10,0.3
150,76,71,0,85,10,0.3
150,86,73,0,85,10,0.3
150,73,74,2,85,10,0.3
150,71,66,3,85,10,0.3
150,81,74,11,85,10,0.3
150,82,81,0,85,10,0.3
150,95,91,2,85,10,0.3
150,71,69,7,85,10,0.3
150,82,79,2,85,10,0.3
150,85,83,6,85,10,0.3
150,84,82,0,85,10,0.3
150,84,82,0,85,10,0.3
150,69,58,2,85,10,0.3
150,81,69,27,85,10,0.3
150,87,86,0,85,10,0.3
150,75,67,0,85,10,0.3
150,72,76,0,85,10,0.3
150,73,72,2,85,10,0.3
150,90,84,0,85,10,0.3
150,72,72,0,85,10,0.3
150,77,70,0,85,10,0.3
150,82,78,1,85,10,0.3
150,69,63,0,85,10,0.3
150,74,73,0,85,10,0.3
150,77,70,1,85,10,0.3
150,77,70,16,85,10,0.3
150,73,66,1,85,10,0.3
150,76,76,1,85,10,0.3
150,78,76,1,85,10,0.3
150,71,76,2,85,10,0.3
150,85,76,3,85,10,0.3
150,70,64,17,85,10,0.3
150,76,66,40,85,10,0.3
150,90,81,1,85,10,0.3
150,65,69,0,85,10,0.3
150,88,77,0,85,10,0.3
150,76,71,2,85,10,0.3
150,79,74,0,85,10,0.3
150,76,80,0,85,10,0.3
150,85,84,11,85,10,0.3
150,83,82,2,85,10,0.3
150,80,66,26,85,10,0.3
150,76,74,1,85,10,0.3
150,67,72,2,85,10,0.3
150,73,66,45,85,10,0.3
150,80,63,0,85,10,0.3
150,85,71,1,85,10,0.3
150,81,70,0,85,10,0.3
150,72,67,40,85,10,0.3
150,65,59,2,85,10,0.3
150,69,59,0,85,10,0.3
150,69,60,82,85,10,0.3
150,76,71,0,85,10,0.3
150,86,80,0,85,10,0.3
150,92,89,0,85,10,0.3
150,64,64,2,85,10,0.3
150,74,67,1,85,10,0.3
150,76,74,15,85,10,0.3
150,74,70,3,85,10,0.3
150,72,77,0,85,10,0.3
150,69,70,2,85,10,0.3
150,67,57,1,85,10,0.3
150,63,56,1,85,10,0.3
150,71,64,7,85,10,0.3
150,83,75,1,85,10,0.3
150,77,66,24,85,10,0.3
150,70,66,2,85,10,0.3
150,78,70,1,85,10,0.3
150,74,67,28,85,10,0.3
150,77,72,3,85,10,0.3
150,80,76,11,85,10,0.3
150,68,71,2,85,10,0.3
150,72,69,0,85,10,0.3
150,78,75,0,85,10,0.3
150,79,73,0,85,10,0.3
150,85,83,0,85,10,0.3
150,81,81,0,85,10,0.3
150,81,72,3,85,10,0.3
150,71,67,0,85,10,0.3
150,78,78,0,85,10,0.3
150,78,70,0,85,10,0.3
150,79,81,1,85,10,0.3
150,80,69,0,85,10,0.3
150,78,77,7,85,10,0.3
150,79,76,1,85,10,0.3
150,87,83,4,85,10,0.3
150,67,65,12,85,10,0.3
150,89,75,0,85,10,0.3
150,79,73,28,85,10,0.3
150,90,83,0,85,10,0.3
150,77,75,2,85,10,0.3
150,86,79,0,85,10,0.3
150,81,75,11,85,10,0.3
150,85,79,4,85,10,0.3
150,78,75,2,85,10,0.3
150,73,75,0,85,10,0.3
150,83,80,1,85,10,0.3
150,84,78,6,85,10,0.3
150,70,71,1,85,10,0.3
150,76,72,5,85,10,0.3
150,65,67,8,85,10,0.3
150,86,79,0,85,10,0.3
150,82,74,2,85,10,0.3
150,77,69,0,85,10,0.3
150,57,59,12,85,10,0.3
150,70,67,0,85,10,0.3
150,77,71,0,85,10,0.3
150,69,71,9,85,10,0.3
150,79,74,1,85,10,0.3
150,80,77,4,85,10,0.3
150,73,67,1,85,10,0.3
150,76,73,3,85,10,0.3
150,75,62,0,85,10,0.3
150,74,71,13,85,10,0.3
150,69,73,0,85,10,0.3
150,81,79,0,85,10,0.3
150,81,83,0,85,10,0.3
150,70,65,3,85,10,0.3
150,72,75,1,85,10,0.3
150,75,73,0,85,10,0.3
150,71,67,1,85,10,0.3
150,75,72,0,85,10,0.3
150,77,70,1,85,10,0.3
150,74,79,0,85,10,0.3
150,82,76,0,85,10,0.3
150,68,63,0,85,10,0.3
150,74,72,0,85,10,0.3
150,74,65,1,85,10,0.3
150,83,81,0,85,10,0.3
150,76,73,4,85,10,0.3
150,84,81,0,85,10,0.3
150,80,68,0,85,10,0.3
150,80,71,18,85,10,0.3
150,82,77,0,85,10,0.3
150,73,68,1,85,10,0.3
150,81,80,0,85,10,0.3
150,76,72,0,85,10,0.3
150,89,77,0,85,10,0.3
150,65,64,5,85,10,0.3
150,85,82,2,85,10,0.3
150,93,79,43,85,10,0.4
150,75,69,1,85,10,0.4
150,76,76,0,85,10,0.4
150,83,65,0,85,10,0.4
150,80,76,0,85,10,0.4
150,84,83,4,85,10,0.4
150,75,79,15,85,10,0.4
150,71,68,0,85,10,0.4
150,84,78,3,85,10,0.4
150,76,72,4,85,10,0.4
150,75,76,0,85,10,0.4
150,75,71,8,85,10,0.4
150,84,80,0,85,10,0.4
150,79,80,48,85,10,0.4
150,80,77,2,85,10,0.4
150,77,63,29,85,10,0.4
150,76,77,2,85,10,0.4
150,78,73,1,85,10,0.4
150,83,75,0,85,10,0.4
150,84,74,4,85,10,0.4
150,64,65,0,85,10,0.4
150,78,72,7,85,10,0.4
150,79,64,6,85,10,0.4
150,71,68,3,85,10,0.4
150,79,74,5,85,10,0.4
150,74,69,2,85,10,0.4
150,82,75,0,85,10,0.4
150,87,78,3,85,10,0.4
150,79,72,13,85,10,0.4
150,79,76,1,85,10,0.4
150,75,71,0,85,10,0.4
150,74,64,18,85,10,0.4
150,74,63,0,85,10,0.4
150,77,72,6,85,10,0.4
150,70,68,10,85,10,0.4
150,83,84,3,85,10,0.4
150,67,68,33,85,10,0.4
150,78,70,2,85,10,0.4
150,68,66,1,85,10,0.4
150,78,86,10,85,10,0.4
150,72,70,13,85,10,0.4
150,84,77,7,85,10,0.4
150,84,77,2,85,10,0.4
150,79,72,2,85,10,0.4
150,72,74,16,85,10,0.4
150,80,78,1,85,10,0.4
150,77,77,4,85,10,0.4
150,83,81,14,85,10,0.4
150,87,77,1,85,10,0.4
150,64,62,3,85,10,0.4
150,88,69,1,85,10,0.4
150,74,69,3,85,10,0.4
150,77,71,0,85,10,0.4
150,88,82,10,85,10,0.4
150,81,77,0,85,10,0.4
150,79,67,20,85,10,0.4
150,76,73,0,85,10,0.4
150,81,69,21,85,10,0.4
150,76,68,5,85,10,0.4
150,74,71,1,85,10,0.4
150,77,71,3,85,10,0.4
150,78,71,0,85,10,0.4
150,75,69,2,85,10,0.4
150,70,60,3,85,10,0.4
150,75,74,9,85,10,0.4
150,74,59,2,85,10,0.4
150,75,67,11,85,10,0.4
150,61,60,0,85,10,0.4
150,69,68,0,85,10,0.4
150,72,71,4,85,10,0.4
150,77,61,34,85,10,0.4
150,77,72,30,85,10,0.4
150,81,77,0,85,10,0.4
150,78,68,1,85,10,0.4
150,72,71,1,85,10,0.4
150,80,76,10,85,10,0.4
150,84,77,5,85,10,0.4
150,82,77,24,85,10,0.4
150,73,74,34,85,10,0.4
150,64,65,13,85,10,0.4
150,71,66,21,85,10,0.4
150,73,59,85,85,10,0.4
150,85,82,2,85,10,0.4
150,73,69,6,85,10,0.4
150,74,68,11,85,10,0.4
150,76,75,0,85,10,0.4
150,70,64,2,85,10,0.4
150,76,72,0,85,10,0.4
150,81,72,6,85,10,0.4
150,73,68,0,85,10,0.4
150,76,68,0,85,10,0.4
150,75,77,5,85,10,0.4
150,75,78,0,85,10,0.4
150,82,72,3,85,10,0.4
150,65,61,1,85,10,0.4
150,75,73,2,85,10,0.4
150,79,67,14,85,10,0.4
150,68,68,14,85,10,0.4
150,82,73,0,85,10,0.4
150,82,71,22,85,10,0.4
150,72,69,0,85,10,0.4
150,81,75,4,85,10,0.4
150,87,76,4,85,10,0.4
150,80,78,2,85,10,0.4
150,72,73,5,85,10,0.4
150,78,78,3,85,10,0.4
150,85,76,36,85,10,0.4
150,71,66,61,85,10,0.4
150,71,67,0,85,10,0.4
150,64,65,20,85,10,0.4
150,78,75,0,85,10,0.4
150,78,78,16,85,10,0.4
150,72,70,0,85,10,0.4
150,69,72,2,85,10,0.4
150,77,67,7,85,10,0.4
150,77,78,5,85,10,0.4
150,79,77,6,85,10,0.4
150,80,79,0,85,10,0.4
150,75,60,4,85,10,0.4
150,73,64,21,85,10,0.4
150,76,74,1,85,10,0.4
150,86,79,3,85,10,0.4
150,82,74,13,85,10,0.4
150,76,61,15,85,10,0.4
150,84,81,14,85,10,0.4
150,75,78,9,85,10,0.4
150,78,71,0,85,10,0.4
150,69,70,4,85,10,0.4
150,76,71,1,85,10,0.4
150,79,75,9,85,10,0.4
150,76,74,0,85,10,0.4
150,80,69,0,85,10,0.4
150,82,79,37,85,10,0.4
150,74,70,2,85,10,0.4
150,77,65,4,85,10,0.4
150,72,64,6,85,10,0.4
150,82,74,11,85,10,0.4
150,85,76,30,85,10,0.4
150,71,65,8,85,10,0.4
150,78,66,79,85,10,0.4
150,80,73,2,85,10,0.4
150,68,63,13,85,10,0.4
150,89,87,0,85,10,0.4
150,81,76,0,85,10,0.4
150,89,78,9,85,10,0.4
150,76,71,0,85,10,0.4
150,86,86,0,85,10,0.4
150,79,78,0,85,10,0.4
150,82,78,7,85,10,0.4
150,80,69,2,85,10,0.4
150,82,75,4,85,10,0.5
150,76,72,26,85,10,0.5
150,84,79,3,85,10,0.5
150,79,67,2,85,10,0.5
150,66,63,18,85,10,0.5
150,85,78,2,85,10,0.5
150,82,70,3,85,10,0.5
150,78,66,49,85,10,0.5
150,81,75,11,85,10,0.5
150,83,77,3,85,10,0.5
150,75,64,35,85,10,0.5
150,80,71,1,85,10,0.5
150,81,67,32,85,10,0.5
150,77,74,44,85,10,0.5
150,74,65,81,85,10,0.5
150,81,71,1,85,10,0.5
150,72,68,77,85,10,0.5
150,65,63,22,85,10,0.5
150,86,84,6,85,10,0.5
150,66,65,1,85,10,0.5
150,69,67,24,85,10,0.5
150,61,58,1,85,10,0.5
150,77,71,107,85,10,0.5
150,73,75,14,85,10,0.5
150,76,67,1,85,10,0.5
150,77,61,22,85,10,0.5
150,79,76,2,85,10,0.5
150,68,64,0,85,10,0.5
150,77,74,33,85,10,0.5
150,77,72,57,85,10,0.5
150,75,70,12,85,10,0.5
150,79,74,47,85,10,0.5
150,80,72,1,85,10,0.5
150,71,65,46,85,10,0.5
150,85,85,42,85,10,0.5
150,85,79,0,85,10,0.5
150,79,73,3,85,10,0.5
150,84,73,7,85,10,0.5
150,63,66,21,85,10,0.5
150,74,68,2,85,10,0.5
150,70,64,13,85,10,0.5
150,82,73,4,85,10,0.5
150,77,77,39,85,10,0.5
150,70,72,57,85,10,0.5
150,76,78,5,85,10,0.5
150,85,77,40,85,10,0.5
150,75,67,8,85,10,0.5
150,81,72,99,85,10,0.5
150,75,74,5,85,10,0.5
150,81,73,41,85,10,0.5
150,81,77,0,85,10,0.5
150,70,54,4,85,10,0.5
150,69,65,3,85,10,0.5
150,77,69,11,85,10,0.5
150,70,74,6,85,10,0.5
150,80,72,72,85,10,0.5
150,88,83,14,85,10,0.5
150,67,64,8,85,10,0.5
150,68,62,21,85,10,0.5
150,86,75,64,85,10,0.5
150,80,72,27,85,10,0.5
150,71,69,26,85,10,0.5
150,78,72,0,85,10,0.5
150,61,62,24,85,10,0.5
150,81,66,1,85,10,0.5
150,82,75,9,85,10,0.5
150,76,67,94,85,10,0.5
150,79,64,111,85,10,0.5
150,74,70,41,85,10,0.5
150,73,65,4,85,10,0.5
150,77,67,93,85,10,0.5
150,83,81,1,85,10,0.5
150,73,74,0,85,10,0.5
150,71,67,9,85,10,0.5
150,87,79,0,85,10,0.5
150,65,59,33,85,10,0.5
150,79,66,3,85,10,0.5
150,67,64,16,85,10,0.5
150,77,60,59,85,10,0.5
150,66,65,48,85,10,0.5
150,76,63,2,85,10,0.5
150,72,63,20,85,10,0.5
150,74,71,2,85,10,0.5
150,94,82,5,85,10,0.5
150,84,75,0,85,10,0.5
150,68,62,8,85,10,0.5
150,85,85,30,85,10,0.5
150,77,67,4,85,10,0.5
150,70,70,77,85,10,0.5
150,80,73,3,85,10,0.5
150,78,75,9,85,10,0.5
150,78,73,1,85,10,0.5
150,70,69,67,85,10,0.5
150,65,61,12,85,10,0.5
150,78,72,8,85,10,0.5
150,69,68,1,85,10,0.5
150,81,68,101,85,10,0.5
150,78,68,0,85,10,0.5
150,71,72,28,85,10,0.5
150,76,77,0,85,10,0.5
150,87,74,6,85,10,0.5
150,82,68,60,85,10,0.5
150,76,67,4,85,10,0.5
150,75,73,24,85,10,0.5
150,93,80,37,85,10,0.5
150,77,74,33,85,10,0.5
150,84,76,50,85,10,0.5
150,72,69,26,85,10,0.5
150,74,68,45,85,10,0.5
150,79,71,0,85,10,0.5
150,76,74,49,85,10,0.5
150,69,68,7,85,10,0.5
150,79,71,0,85,10,0.5
150,79,77,6,85,10,0.5
150,74,69,5,85,10,0.5
150,72,67,25,85,10,0.5
150,77,68,2,85,10,0.5
150,78,74,15,85,10,0.5
150,78,72,1,85,10,0.5
150,83,84,0,85,10,0.5
150,75,65,6,85,10,0.5
150,66,65,11,85,10,0.5
150,81,84,1,85,10,0.5
150,71,58,64,85,10,0.5
150,70,68,0,85,10,0.5
150,76,76,4,85,10,0.5
150,89,82,18,85,10,0.5
150,69,63,9,85,10,0.5
150,80,79,2,85,10,0.5
150,80,77,30,85,10,0.5
150,78,67,15,85,10,0.5
150,64,61,1,85,10,0.5
150,69,67,35,85,10,0.5
150,82,80,32,85,10,0.5
150,69,64,8,85,10,0.5
150,86,75,36,85,10,0.5
150,75,72,2,85,10,0.5
150,83,79,5,85,10,0.5
150,77,69,0,85,10,0.5
150,82,65,106,85,10,0.5
150,89,85,5,85,10,0.5
150,77,68,22,85,10,0.5
150,77,76,1,85,10,0.5
150,82,87,1,85,10,0.5
150,80,76,1,85,10,0.5
150,71,74,28,85,10,0.5
150,81,71,4,85,10,0.5
150,78,71,1,85,10,0.5
150,73,66,57,85,10,0.5
150,72,65,52,85,10,0.5
150,78,66,37,85,10,0.6
150,76,72,6,85,10,0.6
150,76,71,48,85,10,0.6
150,79,63,63,85,10,0.6
150,71,75,65,85,10,0.6
150,72,74,7,85,10,0.6
150,81,77,18,85,10,0.6
150,67,62,3,85,10,0.6
150,72,72,34,85,10,0.6
150,87,80,12,85,10,0.6
150,74,65,112,85,10,0.6
150,77,70,6,85,10,0.6
150,80,69,59,85,10,0.6
150,74,74,39,85,10,0.6
150,81,77,30,85,10,0.6
150,71,65,91,85,10,0.6
150,66,61,90,85,10,0.6
150,78,73,6,85,10,0.6
150,86,73,63,85,10,0.6
150,83,61,103,85,10,0.6
150,79,80,3,85,10,0.6
150,77,64,123,85,10,0.6
150,66,60,90,85,10,0.6
150,74,80,13,85,10,0.6
150,75,60,16,85,10,0.6
150,82,67,78,85,10,0.6
150,81,74,37,85,10,0.6
150,76,76,5,85,10,0.6
150,81,70,102,85,10,0.6
150,86,85,13,85,10,0.6
150,78,77,7,85,10,0.6
150,90,81,34,85,10,0.6
150,79,73,20,85,10,0.6
150,91,78,86,85,10,0.6
150,76,65,108,85,10,0.6
150,80,79,22,85,10,0.6
150,70,72,16,85,10,0.6
150,68,64,95,85,10,0.6
150,78,72,30,85,10,0.6
150,71,67,39,85,10,0.6
150,76,78,21,85,10,0.6
150,76,71,5,85,10,0.6
150,78,69,14,85,10,0.6
150,72,66,4,85,10,0.6
150,75,66,37,85,10,0.6
150,74,70,16,85,10,0.6
150,81,65,94,85,10,0.6
150,80,65,114,85,10,0.6
150,70,67,27,85,10,0.6
150,78,68,35,85,10,0.6
150,80,65,105,85,10,0.6
150,75,68,111,85,10,0.6
150,77,74,14,85,10,0.6
150,77,63,134,85,10,0.6
150,75,69,22,85,10,0.6
150,78,72,114,85,10,0.6
150,81,64,75,85,10,0.6
150,69,57,25,85,10,0.6
150,76,66,99,85,10,0.6
150,75,61,109,85,10,0.6
150,82,77,12,85,10,0.6
150,77,69,32,85,10,0.6
150,84,68,82,85,10,0.6
150,70,69,30,85,10,0.6
150,84,78,43,85,10,0.6
150,86,81,8,85,10,0.6
150,71,63,124,85,10,0.6
150,81,74,15,85,10,0.6
150,74,72,0,85,10,0.6
150,70,65,9,85,10,0.6
150,84,80,33,85,10,0.6
150,66,60,115,85,10,0.6
150,81,76,36,85,10,0.6
150,75,72,35,85,10,0.6
150,76,65,35,85,10,0.6
150,74,72,36,85,10,0.6
150,80,68,49,85,10,0.6
150,85,81,69,85,10,0.6
150,78,75,2,85,10,0.6
150,68,66,23,85,10,0.6
150,73,62,20,85,10,0.6
150,84,84,12,85,10,0.6
150,83,64,79,85,10,0.6
150,78,65,6,85,10,0.6
150,71,56,144,85,10,0.6
150,64,56,42,85,10,0.6
150,75,68,103,85,10,0.6
150,73,65,19,85,10,0.6
150,88,79,92,85,10,0.6
150,91,82,73,85,10,0.6
150,70,71,3,85,10,0.6
150,81,83,4,85,10,0.6
150,79,62,147,85,10,0.6
150,86,77,48,85,10,0.6
150,79,72,19,85,10,0.6
150,68,59,73,85,10,0.6
150,82,67,69,85,10,0.6
150,70,73,10,85,10,0.6
150,75,70,7,85,10,0.6
150,76,70,61,85,10,0.6
150,71,64,49,85,10,0.6
150,77,69,125,85,10,0.6
150,70,71,9,85,10,0.6
150,76,74,4,85,10,0.6
150,75,64,0,85,10,0.6
150,79,70,39,85,10,0.6
150,72,65,78,85,10,0.6
150,78,73,4,85,10,0.6
150,78,75,66,85,10,0.6
150,72,67,37,85,10,0.6
150,71,66,66,85,10,0.6
150,81,70,96,85,10,0.6
150,74,65,80,85,10,0.6
150,66,59,108,85,10,0.6
150,74,68,56,85,10,0.6
150,83,72,16,85,10,0.6
150,80,70,43,85,10,0.6
150,82,75,5,85,10,0.6
150,70,61,37,85,10,0.6
150,72,68,40,85,10,0.6
150,74,68,5,85,10,0.6
150,85,76,43,85,10,0.6
150,86,77,17,85,10,0.6
150,81,67,98,85,10,0.6
150,85,72,98,85,10,0.6
150,74,68,46,85,10,0.6
150,78,71,47,85,10,0.6
150,71,57,150,85,10,0.6
150,73,61,120,85,10,0.6
150,74,72,4,85,10,0.6
150,85,79,69,85,10,0.6
150,65,63,3,85,10,0.6
150,72,63,53,85,10,0.6
150,70,64,97,85,10,0.6
150,80,71,15,85,10,0.6
150,67,62,1,85,10,0.6
150,84,73,26,85,10,0.6
150,74,68,31,85,10,0.6
150,77,73,54,85,10,0.6
150,70,63,104,85,10,0.6
150,64,58,86,85,10,0.6
150,76,69,0,85,10,0.6
150,77,72,38,85,10,0.6
150,76,66,8,85,10,0.6
150,84,75,38,85,10,0.6
150,78,74,5,85,10,0.6
150,77,71,39,85,10,0.6
150,76,73,3,85,10,0.6
150,76,64,67,85,10,0.6
150,74,71,26,85,10,0.6
150,69,55,0,75,5,0.2
150,73,59,0,75,5,0.2
150,86,69,4,75,5,0.2
150,79,64,1,75,5,0.2
150,67,56,1,75,5,0.2
150,72,60,1,75,5,0.2
150,75,56,2,75,5,0.2
150,82,61,0,75,5,0.2
150,68,41,91,75,5,0.2
150,80,67,1,75,5,0.2
150,77,66,1,75,5,0.2
150,75,57,38,75,5,0.2
150,88,70,1,75,5,0.2
150,76,53,0,75,5,0.2
150,65,56,0,75,5,0.2
150,77,70,0,75,5,0.2
150,72,55,0,75,5,0.2
150,87,76,0,75,5,0.2
150,67,59,2,75,5,0.2
150,75,51,1,75,5,0.2
150,68,58,0,75,5,0.2
150,75,57,0,75,5,0.2
150,79,61,0,75,5,0.2
150,71,55,2,75,5,0.2
150,78,63,0,75,5,0.2
150,78,65,0,75,5,0.2
150,80,68,1,75,5,0.2
150,74,58,0,75,5,0.2
150,75,63,0,75,5,0.2
150,76,61,0,75,5,0.2
150,77,63,9,75,5,0.2
150,82,60,0,75,5,0.2
150,76,63,1,75,5,0.2
150,74,63,0,75,5,0.2
150,78,65,0,75,5,0.2
150,71,60,0,75,5,0.2
150,76,58,0,75,5,0.2
150,78,62,0,75,5,0.2
150,74,59,0,75,5,0.2
150,78,61,0,75,5,0.2
150,80,60,1,75,5,0.2
150,72,60,0,75,5,0.2
150,71,62,1,75,5,0.2
150,76,65,0,75,5,0.2
150,62,54,6,75,5,0.2
150,83,68,0,75,5,0.2
150,80,62,0,75,5,0.2
150,86,64,2,75,5,0.2
150,80,69,1,75,5,0.2
150,82,65,2,75,5,0.2
150,69,56,0,75,5,0.2
150,81,62,0,75,5,0.2
150,77,65,0,75,5,0.2
150,82,54,1,75,5,0.2
150,73,63,39,75,5,0.2
150,75,61,2,75,5,0.2
150,80,67,0,75,5,0.2
150,77,63,1,75,5,0.2
150,75,65,3,75,5,0.2
150,73,57,0,75,5,0.2
150,73,58,0,75,5,0.2
150,89,71,2,75,5,0.2
150,82,60,0,75,5,0.2
150,81,56,1,75,5,0.2
150,75,58,11,75,5,0.2
150,74,68,1,75,5,0.2
150,86,59,0,75,5,0.2
150,87,70,2,75,5,0.2
150,77,67,5,75,5,0.2
150,76,64,0,75,5,0.2
150,65,54,0,75,5,0.2
150,64,50,0,75,5,0.2
150,84,69,0,75,5,0.2
150,72,61,0,75,5,0.2
150,80,57,2,75,5,0.2
150,79,66,0,75,5,0.2
150,77,60,4,75,5,0.2
150,78,67,0,75,5,0.2
150,66,54,4,75,5,0.2
150,85,65,0,75,5,0.2
150,82,63,1,75,5,0.2
150,66,58,0,75,5,0.2
150,82,61,0,75,5,0.2
150,76,61,0,75,5,0.2
150,84,66,6,75,5,0.2
150,82,71,0,75,5,0.2
150,82,71,0,75,5,0.2
150,75,60,0,75,5,0.2
150,76,53,0,75,5,0.2
150,78,63,0,75,5,0.2
150,79,56,51,75,5,0.2
150,81,71,1,75,5,0.2
150,74,59,5,75,5,0.2
150,71,61,2,75,5,0.2
150,83,69,2,75,5,0.2
150,65,56,1,75,5,0.2
150,73,65,0,75,5,0.2
150,76,58,3,75,5,0.2
150,78,55,81,75,5,0.2
150,73,53,0,75,5,0.2
150,63,55,2,75,5,0.2
150,71,58,0,75,5,0.2
150,75,56,4,75,5,0.2
150,72,58,0,75,5,0.2
150,74,57,0,75,5,0.2
150,71,54,8,75,5,0.2
150,70,53,1,75,5,0.2
150,82,69,1,75,5,0.2
150,75,61,0,75,5,0.2
150,84,66,4,75,5,0.2
150,69,51,1,75,5,0.2
150,89,66,0,75,5,0.2
150,79,59,0,75,5,0.2
150,68,53,1,75,5,0.2
150,82,63,0,75,5,0.2
150,74,59,2,75,5,0.2
150,84,70,1,75,5,0.2
150,81,65,2,75,5,0.2
150,73,63,8,75,5,0.2
150,68,53,9,75,5,0.2
150,74,71,0,75,5,0.2
150,82,70,0,75,5,0.2
150,77,58,2,75,5,0.2
150,80,52,0,75,5,0.2
150,78,70,1,75,5,0.2
150,85,55,1,75,5,0.2
150,76,59,0,75,5,0.2
150,71,55,0,75,5,0.2
150,79,58,0,75,5,0.2
150,77,64,0,75,5,0.2
150,71,57,1,75,5,0.2
150,78,65,1,75,5,0.2
150,78,58,0,75,5,0.2
150,84,73,0,75,5,0.2
150,81,56,0,75,5,0.2
150,80,58,0,75,5,0.2
150,62,49,0,75,5,0.2
150,89,60,19,75,5,0.2
150,78,60,0,75,5,0.2
150,69,58,0,75,5,0.2
150,74,66,1,75,5,0.2
150,76,51,89,75,5,0.2
150,76,58,8,75,5,0.2
150,76,61,0,75,5,0.2
150,80,63,1,75,5,0.2
150,75,53,0,75,5,0.2
150,83,57,2,75,5,0.2
150,74,63,4,75,5,0.2
150,75,56,0,75,5,0.2
150,79,70,13,75,5,0.2
150,75,53,3,75,5,0.3
150,73,56,0,75,5,0.3
150,65,52,69,75,5,0.3
150,78,65,4,75,5,0.3
150,74,57,47,75,5,0.3
150,73,49,6,75,5,0.3
150,78,60,2,75,5,0.3
150,65,50,0,75,5,0.3
150,75,65,0,75,5,0.3
150,68,65,2,75,5,0.3
150,60,42,10,75,5,0.3
150,70,62,3,75,5,0.3
150,66,59,1,75,5,0.3
150,67,54,8,75,5,0.3
150,71,55,6,75,5,0.3
150,79,58,1,75,5,0.3
150,75,51,2,75,5,0.3
150,85,60,0,75,5,0.3
150,75,62,4,75,5,0.3
150,73,58,7,75,5,0.3
150,76,63,0,75,5,0.3
150,77,66,2,75,5,0.3
150,79,62,1,75,5,0.3
150,86,65,1,75,5,0.3
150,86,71,2,75,5,0.3
150,77,70,1,75,5,0.3
150,76,53,0,75,5,0.3
150,84,76,0,75,5,0.3
150,83,69,1,75,5,0.3
150,79,69,8,75,5,0.3
150,77,59,1,75,5,0.3
150,78,63,0,75,5,0.3
150,84,62,6,75,5,0.3
150,73,57,0,75,5,0.3
150,75,64,13,75,5,0.3
150,66,47,0,75,5,0.3
150,68,53,0,75,5,0.3
150,69,50,0,75,5,0.3
150,70,58,0,75,5,0.3
150,78,62,1,75,5,0.3
150,81,66,1,75,5,0.3
150,79,58,2,75,5,0.3
150,76,67,2,75,5,0.3
150,68,57,1,75,5,0.3
150,75,63,0,75,5,0.3
150,71,56,15,75,5,0.3
150,80,61,0,75,5,0.3
150,77,64,0,75,5,0.3
150,61,55,0,75,5,0.3
150,88,68,0,75,5,0.3
150,73,64,0,75,5,0.3
150,84,58,3,75,5,0.3
150,76,57,0,75,5,0.3
150,71,59,1,75,5,0.3
150,79,55,1,75,5,0.3
150,84,52,29,75,5,0.3
150,83,64,0,75,5,0.3
150,84,57,1,75,5,0.3
150,75,60,2,75,5,0.3
150,77,63,3,75,5,0.3
150,70,46,24,75,5,0.3
150,84,60,15,75,5,0.3
150,78,56,2,75,5,0.3
150,76,68,2,75,5,0.3
150,73,51,8,75,5,0.3
150,87,64,0,75,5,0.3
150,77,52,1,75,5,0.3
150,77,54,2,75,5,0.3
150,74,52,30,75,5,0.3
150,85,66,0,75,5,0.3
150,79,64,1,75,5,0.3
150,74,58,6,75,5,0.3
150,81,64,1,75,5,0.3
150,83,66,2,75,5,0.3
150,80,62,0,75,5,0.3
150,70,56,8,75,5,0.3
150,72,59,1,75,5,0.3
150,75,63,0,75,5,0.3
150,89,57,2,75,5,0.3
150,75,62,1,75,5,0.3
150,73,52,3,75,5,0.3
150,90,77,25,75,5,0.3
150,75,64,2,75,5,0.3
150,80,66,0,75,5,0.3
150,73,59,0,75,5,0.3
150,75,59,0,75,5,0.3
150,79,60,0,75,5,0.3
150,71,61,5,75,5,0.3
150,79,65,0,75,5,0.3
150,83,63,5,75,5,0.3
150,82,57,0,75,5,0.3
150,76,66,0,75,5,0.3
150,71,56,6,75,5,0.3
150,92,65,2,75,5,0.3
150,74,57,8,75,5,0.3
150,78,59,1,75,5,0.3
150,82,63,1,75,5,0.3
150,75,61,0,75,5,0.3
150,75,55,0,75,5,0.3
150,75,66,1,75,5,0.3
150,69,54,0,75,5,0.3
150,69,58,8,75,5,0.3
150,76,54,0,75,5,0.3
150,79,59,2,75,5,0.3
150,70,62,0,75,5,0.3
150,80,66,0,75,5,0.3
150,81,66,1,75,5,0.3
150,78,65,0,75,5,0.3
150,74,55,0,75,5,0.3
150,77,59,1,75,5,0.3
150,80,67,2,75,5,0.3
150,71,61,9,75,5,0.3
150,83,67,0,75,5,0.3
150,73,61,10,75,5,0.3
150,75,59,48,75,5,0.3
150,72,57,12,75,5,0.3
150,83,66,1,75,5,0.3
150,71,58,3,75,5,0.3
150,74,66,0,75,5,0.3
150,76,61,1,75,5,0.3
150,80,67,0,75,5,0.3
150,74,60,1,75,5,0.3
150,71,56,1,75,5,0.3
150,77,59,0,75,5,0.3
150,72,60,0,75,5,0.3
150,84,58,0,75,5,0.3
150,79,52,7,75,5,0.3
150,74,54,6,75,5,0.3
150,85,68,0,75,5,0.3
150,77,58,0,75,5,0.3
150,75,60,0,75,5,0.3
150,81,70,2,75,5,0.3
150,69,60,0,75,5,0.3
150,73,59,2,75,5,0.3
150,71,60,4,75,5,0.3
150,74,57,9,75,5,0.3
150,71,58,32,75,5,0.3
150,80,64,0,75,5,0.3
150,70,52,10,75,5,0.3
150,84,73,1,75,5,0.3
150,76,58,2,75,5,0.3
150,81,72,0,75,5,0.3
150,75,56,2,75,5,0.3
150,76,62,0,75,5,0.3
150,76,60,0,75,5,0.3
150,67,55,0,75,5,0.3
150,79,61,0,75,5,0.3
150,69,54,18,75,5,0.3
150,80,62,0,75,5,0.3
150,80,59,3,75,5,0.3
150,71,59,1,75,5,0.4
150,76,58,10,75,5,0.4
150,82,64,0,75,5,0.4
150,77,59,4,75,5,0.4
150,82,70,3,75,5,0.4
150,83,64,3,75,5,0.4
150,76,57,0,75,5,0.4
150,73,59,1,75,5,0.4
150,86,66,0,75,5,0.4
150,79,65,2,75,5,0.4
150,74,58,0,75,5,0.4
150,71,58,4,75,5,0.4
150,88,77,0,75,5,0.4
150,72,55,1,75,5,0.4
150,78,66,10,75,5,0.4
150,74,60,0,75,5,0.4
150,81,62,2,75,5,0.4
150,75,59,24,75,5,0.4
150,74,56,0,75,5,0.4
150,71,64,2,75,5,0.4
150,83,66,19,75,5,0.4
150,77,60,12,75,5,0.4
150,74,59,28,75,5,0.4
150,73,62,11,75,5,0.4
150,85,71,0,75,5,0.4
150,81,74,13,75,5,0.4
150,89,71,3,75,5,0.4
150,87,72,0,75,5,0.4
150,77,54,2,75,5,0.4
150,71,59,4,75,5,0.4
150,70,54,0,75,5,0.4
150,74,65,3,75,5,0.4
150,81,68,2,75,5,0.4
150,80,66,3,75,5,0.4
150,68,54,0,75,5,0.4
150,74,64,4,75,5,0.4
150,72,55,0,75,5,0.4
150,66,52,0,75,5,0.4
150,75,59,2,75,5,0.4
150,85,68,0,75,5,0.4
150,71,55,1,75,5,0.4
150,64,56,46,75,5,0.4
150,71,59,0,75,5,0.4
150,86,70,2,75,5,0.4
150,78,64,0,75,5,0.4
150,71,55,1,75,5,0.4
150,81,58,3,75,5,0.4
150,88,69,5,75,5,0.4
150,78,57,38,75,5,0.4
150,78,64,0,75,5,0.4
150,80,63,8,75,5,0.4
150,71,56,0,75,5,0.4
150,77,58,14,75,5,0.4
150,81,63,2,75,5,0.4
150,76,63,0,75,5,0.4
150,81,64,1,75,5,0.4
150,77,61,6,75,5,0.4
150,83,69,11,75,5,0.4
150,71,62,0,75,5,0.4
150,80,56,2,75,5,0.4
150,85,66,12,75,5,0.4
150,72,70,0,75,5,0.4
150,65,51,4,75,5,0.4
150,80,67,1,75,5,0.4
150,84,70,2,75,5,0.4
150,76,63,5,75,5,0.4
150,70,57,7,75,5,0.4
150,70,52,1,75,5,0.4
150,84,66,3,75,5,0.4
150,72,58,27,75,5,0.4
150,78,61,3,75,5,0.4
150,70,55,3,75,5,0.4
150,79,60,0,75,5,0.4
150,70,54,22,75,5,0.4
150,73,59,4,75,5,0.4
150,83,62,13,75,5,0.4
150,86,69,31,75,5,0.4
150,74,56,3,75,5,0.4
150,64,42,8,75,5,0.4
150,69,49,4,75,5,0.4
150,69,54,45,75,5,0.4
150,73,60,0,75,5,0.4
150,71,61,12,75,5,0.4
150,79,64,1,75,5,0.4
150,82,63,1,75,5,0.4
150,85,61,15,75,5,0.4
150,66,58,87,75,5,0.4
150,73,55,2,75,5,0.4
150,75,63,11,75,5,0.4
150,82,63,4,75,5,0.4
150,82,64,50,75,5,0.4
150,75,53,28,75,5,0.4
150,77,61,85,75,5,0.4
150,76,63,13,75,5,0.4
150,76,63,0,75,5,0.4
150,88,73,0,75,5,0.4
150,78,58,0,75,5,0.4
150,86,68,0,75,5,0.4
150,75,62,1,75,5,0.4
150,71,59,7,75,5,0.4
150,73,56,30,75,5,0.4
150,78,65,0,75,5,0.4
150,66,59,1,75,5,0.4
150,79,60,0,75,5,0.4
150,67,60,0,75,5,0.4
150,78,58,1,75,5,0.4
150,74,57,24,75,5,0.4
150,68,47,17,75,5,0.4
150,71,55,2,75,5,0.4
150,78,62,55,75,5,0.4
150,80,65,16,75,5,0.4
150,81,68,0,75,5,0.4
150,74,64,11,75,5,0.4
150,82,65,2,75,5,0.4
150,75,60,6,75,5,0.4
150,65,55,2,75,5,0.4
150,71,58,9,75,5,0.4
150,76,64,0,75,5,0.4
150,66,57,0,75,5,0.4
150,83,68,59,75,5,0.4
150,79,60,2,75,5,0.4
150,80,67,0,75,5,0.4
150,71,60,0,75,5,0.4
150,79,67,3,75,5,0.4
150,75,59,0,75,5,0.4
150,80,67,0,75,5,0.4
150,71,49,7,75,5,0.4
150,86,64,0,75,5,0.4
150,68,57,1,75,5,0.4
150,73,55,1,75,5,0.4
150,89,72,0,75,5,0.4
150,73,57,18,75,5,0.4
150,70,54,3,75,5,0.4
150,81,60,3,75,5,0.4
150,85,68,4,75,5,0.4
150,74,57,3,75,5,0.4
150,86,70,26,75,5,0.4
150,90,74,0,75,5,0.4
150,80,57,0,75,5,0.4
150,70,60,7,75,5,0.4
150,64,52,3,75,5,0.4
150,74,58,51,75,5,0.4
150,80,62,0,75,5,0.4
150,80,66,1,75,5,0.4
150,80,62,3,75,5,0.4
150,84,70,0,75,5,0.4
150,70,51,1,75,5,0.4
150,75,61,26,75,5,0.4
150,78,66,0,75,5,0.4
150,81,68,3,75,5,0.4
150,82,64,4,75,5,0.5
150,72,58,7,75,5,0.5
150,64,56,1,75,5,0.5
150,75,57,0,75,5,0.5
150,85,68,100,75,5,0.5
150,81,63,11,75,5,0.5
150,74,65,0,75,5,0.5
150,71,58,7,75,5,0.5
150,87,72,10,75,5,0.5
150,80,59,13,75,5,0.5
150,72,59,5,75,5,0.5
150,73,60,51,75,5,0.5
150,73,66,7,75,5,0.5
150,76,51,64,75,5,0.5
150,83,70,1,75,5,0.5
150,78,58,1,75,5,0.5
150,83,68,2,75,5,0.5
150,71,56,0,75,5,0.5
150,82,64,5,75,5,0.5
150,79,61,0,75,5,0.5
150,80,60,0,75,5,0.5
150,67,53,2,75,5,0.5
150,85,66,0,75,5,0.5
150,84,66,75,75,5,0.5
150,81,73,29,75,5,0.5
150,83,60,0,75,5,0.5
150,79,54,135,75,5,0.5
150,78,55,30,75,5,0.5
150,79,62,1,75,5,0.5
150,80,71,5,75,5,0.5
150,82,65,0,75,5,0.5
150,87,73,1,75,5,0.5
150,74,52,3,75,5,0.5
150,77,58,4,75,5,0.5
150,76,61,55,75,5,0.5
150,71,56,5,75,5,0.5
150,78,67,3,75,5,0.5
150,91,70,42,75,5,0.5
150,69,56,8,75,5,0.5
150,74,58,6,75,5,0.5
150,87,69,2,75,5,0.5
150,72,54,12,75,5,0.5
150,77,63,0,75,5,0.5
150,67,61,4,75,5,0.5
150,76,67,7,75,5,0.5
150,79,61,1,75,5,0.5
150,72,58,7,75,5,0.5
150,72,50,75,75,5,0.5
150,85,62,5,75,5,0.5
150,73,57,53,75,5,0.5
150,69,53,3,75,5,0.5
150,74,59,73,75,5,0.5
150,66,59,4,75,5,0.5
150,67,57,20,75,5,0.5
150,74,60,2,75,5,0.5
150,71,56,6,75,5,0.5
150,72,52,16,75,5,0.5
150,79,61,28,75,5,0.5
150,88,72,7,75,5,0.5
150,72,58,2,75,5,0.5
150,66,53,0,75,5,0.5
150,89,67,8,75,5,0.5
150,63,45,72,75,5,0.5
150,76,64,47,75,5,0.5
150,76,62,9,75,5,0.5
150,78,68,123,75,5,0.5
150,73,57,41,75,5,0.5
150,73,64,0,75,5,0.5
150,82,69,8,75,5,0.5
150,84,54,139,75,5,0.5
150,85,68,32,75,5,0.5
150,69,47,36,75,5,0.5
150,75,56,41,75,5,0.5
150,72,56,27,75,5,0.5
150,79,68,0,75,5,0.5
150,75,57,58,75,5,0.5
150,67,54,0,75,5,0.5
150,78,60,3,75,5,0.5
150,79,64,47,75,5,0.5
150,68,53,12,75,5,0.5
150,85,58,48,75,5,0.5
150,74,56,14,75,5,0.5
150,72,58,17,75,5,0.5
150,71,61,21,75,5,0.5
150,71,56,1,75,5,0.5
150,78,63,0,75,5,0.5
150,65,47,78,75,5,0.5
150,67,54,62,75,5,0.5
150,69,50,79,75,5,0.5
150,77,64,1,75,5,0.5
150,65,50,0,75,5,0.5
150,71,51,13,75,5,0.5
150,70,64,1,75,5,0.5
150,72,59,25,75,5,0.5
150,65,49,14,75,5,0.5
150,74,51,3,75,5,0.5
150,79,59,3,75,5,0.5
150,63,47,0,75,5,0.5
150,77,71,34,75,5,0.5
150,78,61,74,75,5,0.5
150,79,61,13,75,5,0.5
150,73,56,1,75,5,0.5
150,72,65,0,75,5,0.5
150,73,55,34,75,5,0.5
150,63,53,1,75,5,0.5
150,82,71,24,75,5,0.5
150,81,63,49,75,5,0.5
150,88,64,7,75,5,0.5
150,68,59,34,75,5,0.5
150,77,70,21,75,5,0.5
150,73,54,9,75,5,0.5
150,78,61,67,75,5,0.5
150,84,64,48,75,5,0.5
150,77,71,10,75,5,0.5
150,70,49,45,75,5,0.5
150,85,63,0,75,5,0.5
150,80,71,2,75,5,0.5
150,85,65,0,75,5,0.5
150,88,73,3,75,5,0.5
150,75,61,1,75,5,0.5
150,80,58,0,75,5,0.5
150,85,64,0,75,5,0.5
150,73,54,15,75,5,0.5
150,66,54,25,75,5,0.5
150,68,50,28,75,5,0.5
150,70,49,39,75,5,0.5
150,73,56,0,75,5,0.5
150,72,62,15,75,5,0.5
150,74,56,0,75,5,0.5
150,71,56,1,75,5,0.5
150,73,60,3,75,5,0.5
150,66,49,6,75,5,0.5
150,73,60,63,75,5,0.5
150,75,55,3,75,5,0.5
150,82,60,28,75,5,0.5
150,64,55,5,75,5,0.5
150,78,74,3,75,5,0.5
150,80,70,4,75,5,0.5
150,87,67,0,75,5,0.5
150,66,57,82,75,5,0.5
150,87,67,2,75,5,0.5
150,70,56,44,75,5,0.5
150,81,61,39,75,5,0.5
150,69,49,45,75,5,0.5
150,87,66,1,75,5,0.5
150,69,55,21,75,5,0.5
150,86,64,1,75,5,0.5
150,77,65,26,75,5,0.5
150,77,67,3,75,5,0.5
150,74,58,71,75,5,0.5
150,77,56,54,75,5,0.6
150,70,51,27,75,5,0.6
150,83,62,79,75,5,0.6
150,75,60,36,75,5,0.6
150,85,70,32,75,5,0.6
150,76,71,41,75,5,0.6
150,80,61,1,75,5,0.6
150,78,64,7,75,5,0.6
150,86,68,88,75,5,0.6
150,76,57,59,75,5,0.6
150,75,55,3,75,5,0.6
150,71,53,87,75,5,0.6
150,72,56,46,75,5,0.6
150,73,53,57,75,5,0.6
150,71,54,1,75,5,0.6
150,70,56,20,75,5,0.6
150,85,68,4,75,5,0.6
150,75,56,39,75,5,0.6
150,67,61,80,75,5,0.6
150,65,39,71,75,5,0.6
150,90,69,61,75,5,0.6
150,85,63,32,75,5,0.6
150,79,62,8,75,5,0.6
150,72,58,5,75,5,0.6
150,70,50,89,75,5,0.6
150,76,54,49,75,5,0.6
150,80,63,38,75,5,0.6
150,70,50,113,75,5,0.6
150,80,67,1,75,5,0.6
150,67,49,78,75,5,0.6
150,77,50,143,75,5,0.6
150,78,59,12,75,5,0.6
150,86,55,63,75,5,0.6
150,78,51,117,75,5,0.6
150,84,67,30,75,5,0.6
150,72,54,41,75,5,0.6
150,74,59,54,75,5,0.6
150,68,57,35,75,5,0.6
150,83,57,68,75,5,0.6
150,76,52,70,75,5,0.6
150,73,51,22,75,5,0.6
150,78,60,13,75,5,0.6
150,69,53,0,75,5,0.6
150,73,55,15,75,5,0.6
150,85,63,92,75,5,0.6
150,74,54,18,75,5,0.6
150,83,59,23,75,5,0.6
150,77,63,44,75,5,0.6
150,78,60,100,75,5,0.6
150,83,70,98,75,5,0.6
150,76,54,2,75,5,0.6
150,82,69,14,75,5,0.6
150,70,55,17,75,5,0.6
150,76,56,13,75,5,0.6
150,83,64,3,75,5,0.6
150,83,64,0,75,5,0.6
150,77,59,28,75,5,0.6
150,76,58,12,75,5,0.6
150,68,51,96,75,5,0.6
150,77,53,73,75,5,0.6
150,77,55,5,75,5,0.6
150,77,59,12,75,5,0.6
150,86,74,7,75,5,0.6
150,77,58,6,75,5,0.6
150,64,51,66,75,5,0.6
150,65,50,113,75,5,0.6
150,79,59,40,75,5,0.6
150,89,75,76,75,5,0.6
150,75,57,4,75,5,0.6
150,88,75,10,75,5,0.6
150,78,68,2,75,5,0.6
150,77,51,138,75,5,0.6
150,82,70,2,75,5,0.6
150,76,61,51,75,5,0.6
150,82,65,29,75,5,0.6
150,81,55,34,75,5,0.6
150,75,58,1,75,5,0.6
150,83,52,101,75,5,0.6
150,67,44,65,75,5,0.6
150,73,50,94,75,5,0.6
150,72,63,1,75,5,0.6
150,82,65,37,75,5,0.6
150,82,58,3,75,5,0.6
150,76,56,118,75,5,0.6
150,75,57,37,75,5,0.6
150,75,56,67,75,5,0.6
150,75,57,84,75,5,0.6
150,81,59,48,75,5,0.6
150,82,68,94,75,5,0.6
150,67,45,119,75,5,0.6
150,76,63,29,75,5,0.6
150,76,51,53,75,5,0.6
150,68,55,13,75,5,0.6
150,71,55,120,75,5,0.6
150,77,59,45,75,5,0.6
150,85,64,46,75,5,0.6
150,75,52,90,75,5,0.6
150,75,65,109,75,5,0.6
150,76,56,44,75,5,0.6
150,74,57,100,75,5,0.6
150,74,58,1,75,5,0.6
150,82,66,2,75,5,0.6
150,74,57,20,75,5,0.6
150,70,54,95,75,5,0.6
150,81,62,61,75,5,0.6
150,79,65,1,75,5,0.6
150,71,57,15,75,5,0.6
150,69,45,63,75,5,0.6
150,80,61,1,75,5,0.6
150,71,60,1,75,5,0.6
150,80,58,88,75,5,0.6
150,78,60,85,75,5,0.6
150,79,64,20,75,5,0.6
150,84,73,1,75,5,0.6
150,69,43,126,75,5,0.6
150,74,46,92,75,5,0.6
150,78,65,9,75,5,0.6
150,71,58,3,75,5,0.6
150,80,63,48,75,5,0.6
150,71,59,54,75,5,0.6
150,74,54,127,75,5,0.6
150,73,65,35,75,5,0.6
150,72,57,143,75,5,0.6
150,70,52,85,75,5,0.6
150,84,67,5,75,5,0.6
150,71,58,23,75,5,0.6
150,75,54,102,75,5,0.6
150,62,43,148,75,5,0.6
150,88,68,46,75,5,0.6
150,80,58,37,75,5,0.6
150,79,60,28,75,5,0.6
150,73,59,5,75,5,0.6
150,71,54,18,75,5,0.6
150,71,58,33,75,5,0.6
150,85,62,61,75,5,0.6
150,70,52,0,75,5,0.6
150,72,52,53,75,5,0.6
150,65,55,16,75,5,0.6
150,65,47,83,75,5,0.6
150,80,66,21,75,5,0.6
150,79,63,1,75,5,0.6
150,75,57,123,75,5,0.6
150,80,56,126,75,5,0.6
150,80,62,107,75,5,0.6
150,87,62,36,75,5,0.6
150,67,55,10,75,5,0.6
150,70,50,92,75,5,0.6
150,74,59,52,75,5,0.6
150,79,52,87,75,5,0.6
150,81,58,60,75,5,0.6
150,81,59,0,67,3,0.2
150,67,51,2,67,3,0.2
150,87,63,10,67,3,0.2
150,78,55,0,67,3,0.2
150,77,50,0,67,3,0.2
150,80,51,2,67,3,0.2
150,74,54,2,67,3,0.2
150,76,43,0,67,3,0.2
150,68,45,0,67,3,0.2
150,72,45,0,67,3,0.2
150,90,67,0,67,3,0.2
150,75,52,1,67,3,0.2
150,67,43,0,67,3,0.2
150,77,49,0,67,3,0.2
150,68,49,8,67,3,0.2
150,77,54,5,67,3,0.2
150,71,47,1,67,3,0.2
150,78,52,1,67,3,0.2
150,82,71,4,67,3,0.2
150,80,46,73,67,3,0.2
150,77,56,73,67,3,0.2
150,72,46,10,67,3,0.2
150,86,57,2,67,3,0.2
150,71,44,3,67,3,0.2
150,83,56,4,67,3,0.2
150,68,59,0,67,3,0.2
150,73,53,0,67,3,0.2
150,82,57,0,67,3,0.2
150,73,51,0,67,3,0.2
150,73,64,1,67,3,0.2
150,87,62,9,67,3,0.2
150,74,56,3,67,3,0.2
150,77,53,3,67,3,0.2
150,90,67,2,67,3,0.2
150,84,66,1,67,3,0.2
150,81,60,2,67,3,0.2
150,75,45,4,67,3,0.2
150,72,48,0,67,3,0.2
150,76,52,1,67,3,0.2
150,83,57,0,67,3,0.2
150,73,49,16,67,3,0.2
150,72,54,4,67,3,0.2
150,77,49,0,67,3,0.2
150,63,46,38,67,3,0.2
150,87,57,2,67,3,0.2
150,85,58,0,67,3,0.2
150,81,56,0,67,3,0.2
150,84,57,1,67,3,0.2
150,67,43,3,67,3,0.2
150,74,56,1,67,3,0.2
150,79,56,0,67,3,0.2
150,85,61,0,67,3,0.2
150,76,47,1,67,3,0.2
150,77,57,0,67,3,0.2
150,74,55,0,67,3,0.2
150,77,54,1,67,3,0.2
150,73,51,0,67,3,0.2
150,70,50,3,67,3,0.2
150,71,44,18,67,3,0.2
150,86,67,2,67,3,0.2
150,77,55,14,67,3,0.2
150,75,50,16,67,3,0.2
150,81,53,0,67,3,0.2
150,75,52,0,67,3,0.2
150,73,43,43,67,3,0.2
150,83,65,0,67,3,0.2
150,67,49,3,67,3,0.2
150,71,46,5,67,3,0.2
150,78,55,2,67,3,0.2
150,69,54,0,67,3,0.2
150,74,51,2,67,3,0.2
150,76,47,0,67,3,0.2
150,87,60,3,67,3,0.2
150,73,56,1,67,3,0.2
150,66,42,2,67,3,0.2
150,76,48,0,67,3,0.2
150,73,52,8,67,3,0.2
150,78,60,1,67,3,0.2
150,79,52,1,67,3,0.2
150,76,51,0,67,3,0.2
150,77,54,0,67,3,0.2
150,86,57,0,67,3,0.2
150,76,60,1,67,3,0.2
150,73,48,6,67,3,0.2
150,80,53,1,67,3,0.2
150,76,57,0,67,3,0.2
150,72,50,4,67,3,0.2
150,67,56,0,67,3,0.2
150,78,50,6,67,3,0.2
150,79,60,2,67,3,0.2
150,70,49,0,67,3,0.2
150,78,60,1,67,3,0.2
150,76,55,4,67,3,0.2
150,84,63,35,67,3,0.2
150,68,51,5,67,3,0.2
150,66,46,5,67,3,0.2
150,82,61,27,67,3,0.2
150,82,58,2,67,3,0.2
150,86,58,6,67,3,0.2
150,70,56,0,67,3,0.2
150,66,48,4,67,3,0.2
150,83,57,0,67,3,0.2
150,78,59,0,67,3,0.2
150,67,43,0,67,3,0.2
150,68,46,5,67,3,0.2
150,71,50,4,67,3,0.2
150,81,54,1,67,3,0.2
150,74,52,0,67,3,0.2
150,83,55,0,67,3,0.2
150,70,43,0,67,3,0.2
150,77,50,1,67,3,0.2
150,78,58,1,67,3,0.2
150,77,62,0,67,3,0.2
150,84,48,0,67,3,0.2
150,85,49,0,67,3,0.2
150,81,53,0,67,3,0.2
150,78,55,12,67,3,0.2
150,67,49,5,67,3,0.2
150,80,58,39,67,3,0.2
150,68,50,3,67,3,0.2
150,77,51,1,67,3,0.2
150,90,56,1,67,3,0.2
150,89,60,17,67,3,0.2
150,87,58,0,67,3,0.2
150,72,47,3,67,3,0.2
150,70,45,0,67,3,0.2
150,76,49,1,67,3,0.2
150,71,53,0,67,3,0.2
150,78,51,3,67,3,0.2
150,74,47,1,67,3,0.2
150,82,56,0,67,3,0.2
150,75,49,1,67,3,0.2
150,63,48,0,67,3,0.2
150,79,53,2,67,3,0.2
150,78,47,0,67,3,0.2
150,80,49,0,67,3,0.2
150,70,48,0,67,3,0.2
150,81,50,4,67,3,0.2
150,87,58,3,67,3,0.2
150,75,46,3,67,3,0.2
150,72,56,1,67,3,0.2
150,85,56,0,67,3,0.2
150,72,51,1,67,3,0.2
150,84,62,0,67,3,0.2
150,73,50,0,67,3,0.2
150,72,52,19,67,3,0.2
150,71,51,1,67,3,0.2
150,72,50,0,67,3,0.2
150,77,48,7,67,3,0.2
150,77,65,4,67,3,0.2
150,88,58,0,67,3,0.3
150,74,46,1,67,3,0.3
150,66,46,0,67,3,0.3
150,74,43,0,67,3,0.3
150,68,43,0,67,3,0.3
150,72,54,4,67,3,0.3
150,86,55,0,67,3,0.3
150,73,38,1,67,3,0.3
150,65,46,0,67,3,0.3
150,85,65,3,67,3,0.3
150,76,55,2,67,3,0.3
150,79,52,7,67,3,0.3
150,75,52,1,67,3,0.3
150,73,46,2,67,3,0.3
150,81,67,2,67,3,0.3
150,75,53,1,67,3,0.3
150,76,56,2,67,3,0.3
150,69,49,1,67,3,0.3
150,84,49,1,67,3,0.3
150,73,53,2,67,3,0.3
150,74,51,3,67,3,0.3
150,73,60,2,67,3,0.3
150,79,62,6,67,3,0.3
150,73,49,2,67,3,0.3
150,67,50,1,67,3,0.3
150,71,46,4,67,3,0.3
150,74,49,0,67,3,0.3
150,73,64,5,67,3,0.3
150,77,57,0,67,3,0.3
150,75,51,0,67,3,0.3
150,84,60,0,67,3,0.3
150,66,52,2,67,3,0.3
150,69,46,0,67,3,0.3
150,63,49,0,67,3,0.3
150,78,60,1,67,3,0.3
150,73,52,0,67,3,0.3
150,85,51,4,67,3,0.3
150,78,56,1,67,3,0.3
150,72,49,1,67,3,0.3
150,78,60,1,67,3,0.3
150,75,48,1,67,3,0.3
150,71,55,0,67,3,0.3
150,80,51,1,67,3,0.3
150,74,43,0,67,3,0.3
150,70,47,1,67,3,0.3
150,68,50,0,67,3,0.3
150,71,54,0,67,3,0.3
150,76,55,1,67,3,0.3
150,70,51,7,67,3,0.3
150,77,54,0,67,3,0.3
150,81,56,2,67,3,0.3
150,80,45,15,67,3,0.3
150,82,58,0,67,3,0.3
150,74,47,0,67,3,0.3
150,71,44,1,67,3,0.3
150,78,48,11,67,3,0.3
150,80,53,143,67,3,0.3
150,81,52,1,67,3,0.3
150,82,48,3,67,3,0.3
150,73,54,4,67,3,0.3
150,90,58,30,67,3,0.3
150,84,56,2,67,3,0.3
150,75,50,1,67,3,0.3
150,72,51,1,67,3,0.3
150,75,52,4,67,3,0.3
150,83,59,0,67,3,0.3
150,78,57,0,67,3,0.3
150,86,56,1,67,3,0.3
150,71,47,0,67,3,0.3
150,72,48,39,67,3,0.3
150,84,60,0,67,3,0.3
150,75,51,4,67,3,0.3
150,69,48,0,67,3,0.3
150,86,64,1,67,3,0.3
150,85,62,1,67,3,0.3
150,72,41,1,67,3,0.3
150,72,48,0,67,3,0.3
150,76,51,0,67,3,0.3
150,66,55,1,67,3,0.3
150,87,61,2,67,3,0.3
150,83,56,2,67,3,0.3
150,75,54,0,67,3,0.3
150,91,60,4,67,3,0.3
150,66,39,0,67,3,0.3
150,72,52,27,67,3,0.3
150,83,56,0,67,3,0.3
150,72,47,1,67,3,0.3
150,76,59,13,67,3,0.3
150,78,61,3,67,3,0.3
150,74,51,5,67,3,0.3
150,80,63,0,67,3,0.3
150,83,53,2,67,3,0.3
150,78,52,0,67,3,0.3
150,71,47,0,67,3,0.3
150,77,57,3,67,3,0.3
150,76,55,1,67,3,0.3
150,79,58,0,67,3,0.3
150,77,58,4,67,3,0.3
150,68,50,25,67,3,0.3
150,67,50,0,67,3,0.3
150,72,60,0,67,3,0.3
150,78,48,0,67,3,0.3
150,75,58,0,67,3,0.3
150,78,56,0,67,3,0.3
150,79,51,0,67,3,0.3
150,81,58,0,67,3,0.3
150,73,49,7,67,3,0.3
150,77,55,6,67,3,0.3
150,77,54,0,67,3,0.3
150,82,61,2,67,3,0.3
150,78,55,18,67,3,0.3
150,75,60,0,67,3,0.3
150,82,55,7,67,3,0.3
150,71,48,1,67,3,0.3
150,94,66,16,67,3,0.3
150,71,51,6,67,3,0.3
150,63,47,1,67,3,0.3
150,72,46,0,67,3,0.3
150,71,44,2,67,3,0.3
150,76,49,0,67,3,0.3
150,75,57,4,67,3,0.3
150,80,47,3,67,3,0.3
150,71,50,0,67,3,0.3
150,76,53,1,67,3,0.3
150,77,49,0,67,3,0.3
150,79,51,0,67,3,0.3
150,76,50,2,67,3,0.3
150,74,58,2,67,3,0.3
150,83,60,0,67,3,0.3
150,88,62,0,67,3,0.3
150,77,53,4,67,3,0.3
150,72,44,0,67,3,0.3
150,79,56,3,67,3,0.3
150,76,55,0,67,3,0.3
150,69,50,0,67,3,0.3
150,77,60,0,67,3,0.3
150,63,42,0,67,3,0.3
150,90,70,0,67,3,0.3
150,82,63,4,67,3,0.3
150,74,57,0,67,3,0.3
150,75,53,0,67,3,0.3
150,74,53,1,67,3,0.3
150,71,46,2,67,3,0.3
150,62,47,0,67,3,0.3
150,78,61,1,67,3,0.3
150,83,55,9,67,3,0.3
150,68,39,0,67,3,0.3
150,74,54,0,67,3,0.3
150,83,56,0,67,3,0.3
150,82,56,1,67,3,0.3
150,70,54,0,67,3,0.4
150,69,51,5,67,3,0.4
150,86,56,0,67,3,0.4
150,81,51,0,67,3,0.4
150,72,46,1,67,3,0.4
150,79,49,38,67,3,0.4
150,76,58,60,67,3,0.4
150,69,59,0,67,3,0.4
150,70,45,16,67,3,0.4
150,88,65,53,67,3,0.4
150,71,46,0,67,3,0.4
150,77,50,0,67,3,0.4
150,66,50,0,67,3,0.4
150,79,61,0,67,3,0.4
150,82,57,1,67,3,0.4
150,73,51,12,67,3,0.4
150,77,58,0,67,3,0.4
150,76,49,1,67,3,0.4
150,79,59,54,67,3,0.4
150,71,58,1,67,3,0.4
150,75,53,11,67,3,0.4
150,79,48,0,67,3,0.4
150,74,58,8,67,3,0.4
150,74,60,5,67,3,0.4
150,81,60,7,67,3,0.4
150,71,51,1,67,3,0.4
150,77,51,0,67,3,0.4
150,69,40,0,67,3,0.4
150,80,52,0,67,3,0.4
150,87,57,23,67,3,0.4
150,78,52,19,67,3,0.4
150,83,59,0,67,3,0.4
150,78,58,0,67,3,0.4
150,82,65,0,67,3,0.4
150,75,43,17,67,3,0.4
150,69,51,17,67,3,0.4
150,81,57,1,67,3,0.4
150,76,54,1,67,3,0.4
150,81,53,4,67,3,0.4
150,76,58,0,67,3,0.4
150,84,58,2,67,3,0.4
150,81,48,5,67,3,0.4
150,69,49,0,67,3,0.4
150,86,61,0,67,3,0.4
150,82,60,3,67,3,0.4
150,81,55,0,67,3,0.4
150,74,50,12,67,3,0.4
150,84,61,0,67,3,0.4
150,82,54,4,67,3,0.4
150,76,55,4,67,3,0.4
150,88,48,19,67,3,0.4
150,74,50,7,67,3,0.4
150,85,69,11,67,3,0.4
150,80,48,0,67,3,0.4
150,70,51,0,67,3,0.4
150,55,37,0,67,3,0.4
150,75,44,3,67,3,0.4
150,82,57,0,67,3,0.4
150,70,45,2,67,3,0.4
150,83,59,3,67,3,0.4
150,86,66,4,67,3,0.4
150,77,55,15,67,3,0.4
150,77,59,2,67,3,0.4
150,75,40,37,67,3,0.4
150,67,52,3,67,3,0.4
150,85,56,0,67,3,0.4
150,81,56,0,67,3,0.4
150,67,40,14,67,3,0.4
150,76,56,1,67,3,0.4
150,71,51,0,67,3,0.4
150,67,46,2,67,3,0.4
150,80,57,28,67,3,0.4
150,72,54,0,67,3,0.4
150,80,55,3,67,3,0.4
150,71,50,0,67,3,0.4
150,74,51,40,67,3,0.4
150,80,59,61,67,3,0.4
150,60,42,6,67,3,0.4
150,77,52,5,67,3,0.4
150,79,51,0,67,3,0.4
150,79,57,0,67,3,0.4
150,89,64,1,67,3,0.4
150,83,59,0,67,3,0.4
150,71,48,47,67,3,0.4
150,75,61,7,67,3,0.4
150,66,49,22,67,3,0.4
150,84,55,0,67,3,0.4
150,76,52,51,67,3,0.4
150,73,52,0,67,3,0.4
150,68,42,14,67,3,0.4
150,80,61,2,67,3,0.4
150,84,58,2,67,3,0.4
150,75,49,1,67,3,0.4
150,76,57,0,67,3,0.4
150,91,52,3,67,3,0.4
150,73,55,2,67,3,0.4
150,77,55,2,67,3,0.4
150,82,53,29,67,3,0.4
150,72,47,4,67,3,0.4
150,91,64,1,67,3,0.4
150,70,61,0,67,3,0.4
150,68,41,35,67,3,0.4
150,69,41,2,67,3,0.4
150,71,47,0,67,3,0.4
150,75,50,2,67,3,0.4
150,73,54,3,67,3,0.4
150,74,49,1,67,3,0.4
150,71,45,100,67,3,0.4
150,79,54,2,67,3,0.4
150,72,50,5,67,3,0.4
150,76,52,6,67,3,0.4
150,76,51,1,67,3,0.4
150,68,50,3,67,3,0.4
150,80,53,0,67,3,0.4
150,75,55,5,67,3,0.4
150,65,39,125,67,3,0.4
150,80,52,9,67,3,0.4
150,92,65,2,67,3,0.4
150,76,51,0,67,3,0.4
150,85,62,0,67,3,0.4
150,80,53,2,67,3,0.4
150,70,45,0,67,3,0.4
150,78,57,42,67,3,0.4
150,69,53,1,67,3,0.4
150,78,56,47,67,3,0.4
150,82,63,1,67,3,0.4
150,80,53,1,67,3,0.4
150,87,57,2,67,3,0.4
150,75,56,1,67,3,0.4
150,78,59,4,67,3,0.4
150,79,51,1,67,3,0.4
150,76,58,7,67,3,0.4
150,63,45,19,67,3,0.4
150,77,57,0,67,3,0.4
150,83,56,5,67,3,0.4
150,87,61,1,67,3,0.4
150,72,48,1,67,3,0.4
150,80,56,0,67,3,0.4
150,71,48,0,67,3,0.4
150,88,68,1,67,3,0.4
150,80,51,7,67,3,0.4
150,69,47,30,67,3,0.4
150,67,48,2,67,3,0.4
150,90,67,0,67,3,0.4
150,79,60,2,67,3,0.4
150,57,29,41,67,3,0.4
150,82,57,82,67,3,0.4
150,73,44,2,67,3,0.4
150,69,57,34,67,3,0.4
150,73,46,0,67,3,0.4
150,86,60,22,67,3,0.5
150,64,39,18,67,3,0.5
150,81,50,45,67,3,0.5
150,69,54,0,67,3,0.5
150,74,51,3,67,3,0.5
150,77,46,2,67,3,0.5
150,85,57,0,67,3,0.5
150,68,48,8,67,3,0.5
150,68,49,4,67,3,0.5
150,80,56,26,67,3,0.5
150,81,47,144,67,3,0.5
150,79,54,1,67,3,0.5
150,79,64,4,67,3,0.5
150,78,55,2,67,3,0.5
150,77,48,0,67,3,0.5
150,88,55,3,67,3,0.5
150,77,58,7,67,3,0.5
150,73,39,54,67,3,0.5
150,67,50,1,67,3,0.5
150,87,62,31,67,3,0.5
150,72,48,6,67,3,0.5
150,83,60,0,67,3,0.5
150,84,61,74,67,3,0.5
150,72,48,42,67,3,0.5
150,81,59,24,67,3,0.5
150,78,56,0,67,3,0.5
150,79,51,92,67,3,0.5
150,76,48,19,67,3,0.5
150,79,52,94,67,3,0.5
150,76,44,71,67,3,0.5
150,64,46,38,67,3,0.5
150,70,51,8,67,3,0.5
150,72,46,5,67,3,0.5
150,67,43,1,67,3,0.5
150,81,50,69,67,3,0.5
150,77,49,0,67,3,0.5
150,83,54,2,67,3,0.5
150,64,53,5,67,3,0.5
150,76,52,18,67,3,0.5
150,75,49,37,67,3,0.5
150,71,51,3,67,3,0.5
150,72,45,91,67,3,0.5
150,80,49,34,67,3,0.5
150,56,39,6,67,3,0.5
150,77,55,93,67,3,0.5
150,68,41,9,67,3,0.5
150,71,43,63,67,3,0.5
150,72,50,27,67,3,0.5
150,69,43,2,67,3,0.5
150,71,55,1,67,3,0.5
150,72,52,5,67,3,0.5
150,65,50,6,67,3,0.5
150,79,57,5,67,3,0.5
150,77,54,3,67,3,0.5
150,80,49,50,67,3,0.5
150,77,52,5,67,3,0.5
150,76,47,0,67,3,0.5
150,77,61,1,67,3,0.5
150,83,60,2,67,3,0.5
150,71,53,14,67,3,0.5
150,87,59,6,67,3,0.5
150,75,51,0,67,3,0.5
150,83,57,40,67,3,0.5
150,74,50,137,67,3,0.5
150,78,56,24,67,3,0.5
150,76,56,0,67,3,0.5
150,64,49,0,67,3,0.5
150,77,54,1,67,3,0.5
150,67,44,0,67,3,0.5
150,94,71,2,67,3,0.5
150,90,61,22,67,3,0.5
150,87,53,50,67,3,0.5
150,72,52,5,67,3,0.5
150,78,54,1,67,3,0.5
150,72,45,121,67,3,0.5
150,70,47,0,67,3,0.5
150,70,51,1,67,3,0.5
150,85,61,1,67,3,0.5
150,76,69,4,67,3,0.5
150,85,62,24,67,3,0.5
150,75,56,0,67,3,0.5
150,71,42,16,67,3,0.5
150,81,52,73,67,3,0.5
150,63,43,1,67,3,0.5
150,77,53,13,67,3,0.5
150,70,54,8,67,3,0.5
150,76,53,0,67,3,0.5
150,87,58,8,67,3,0.5
150,77,51,2,67,3,0.5
150,72,47,45,67,3,0.5
150,78,49,24,67,3,0.5
150,78,47,37,67,3,0.5
150,75,54,38,67,3,0.5
150,87,60,3,67,3,0.5
150,78,48,1,67,3,0.5
150,78,55,7,67,3,0.5
150,72,53,1,67,3,0.5
150,66,41,29,67,3,0.5
150,79,54,0,67,3,0.5
150,74,55,4,67,3,0.5
150,86,55,31,67,3,0.5
150,79,55,4,67,3,0.5
150,77,42,95,67,3,0.5
150,69,52,0,67,3,0.5
150,85,57,0,67,3,0.5
150,73,48,4,67,3,0.5
150,79,49,5,67,3,0.5
150,80,57,63,67,3,0.5
150,72,51,0,67,3,0.5
150,74,53,116,67,3,0.5
150,76,52,0,67,3,0.5
150,77,52,69,67,3,0.5
150,71,52,70,67,3,0.5
150,81,55,7,67,3,0.5
150,76,47,3,67,3,0.5
150,78,54,3,67,3,0.5
150,80,52,90,67,3,0.5
150,78,52,56,67,3,0.5
150,69,50,1,67,3,0.5
150,81,52,26,67,3,0.5
150,80,55,66,67,3,0.5
150,76,48,0,67,3,0.5
150,79,59,0,67,3,0.5
150,73,59,5,67,3,0.5
150,85,66,3,67,3,0.5
150,79,56,1,67,3,0.5
150,79,54,67,67,3,0.5
150,75,53,24,67,3,0.5
150,73,59,0,67,3,0.5
150,77,55,88,67,3,0.5
150,61,44,0,67,3,0.5
150,78,60,13,67,3,0.5
150,78,62,0,67,3,0.5
150,76,51,5,67,3,0.5
150,84,57,5,67,3,0.5
150,74,45,27,67,3,0.5
150,75,49,58,67,3,0.5
150,73,63,8,67,3,0.5
150,70,52,26,67,3,0.5
150,61,41,11,67,3,0.5
150,67,45,2,67,3,0.5
150,87,61,10,67,3,0.5
150,85,66,0,67,3,0.5
150,77,56,18,67,3,0.5
150,90,65,0,67,3,0.5
150,75,54,14,67,3,0.5
150,81,53,0,67,3,0.5
150,91,72,46,67,3,0.5
150,88,62,25,67,3,0.5
150,79,47,0,67,3,0.5
150,68,50,19,67,3,0.6
150,72,51,9,67,3,0.6
150,75,51,47,67,3,0.6
150,80,55,21,67,3,0.6
150,77,49,2,67,3,0.6
150,76,56,13,67,3,0.6
150,73,49,108,67,3,0.6
150,72,43,73,67,3,0.6
150,75,55,55,67,3,0.6
150,61,50,66,67,3,0.6
150,76,55,43,67,3,0.6
150,76,53,47,67,3,0.6
150,92,60,132,67,3,0.6
150,78,55,2,67,3,0.6
150,76,52,10,67,3,0.6
150,80,51,84,67,3,0.6
150,71,47,22,67,3,0.6
150,76,53,81,67,3,0.6
150,73,44,31,67,3,0.6
150,75,56,117,67,3,0.6
150,79,56,10,67,3,0.6
150,80,53,76,67,3,0.6
150,80,61,82,67,3,0.6
150,77,55,41,67,3,0.6
150,73,38,91,67,3,0.6
150,78,55,1,67,3,0.6
150,82,55,86,67,3,0.6
150,77,51,55,67,3,0.6
150,77,50,2,67,3,0.6
150,80,53,42,67,3,0.6
150,88,54,57,67,3,0.6
150,73,50,2,67,3,0.6
150,81,60,9,67,3,0.6
150,77,53,71,67,3,0.6
150,78,53,73,67,3,0.6
150,77,51,0,67,3,0.6
150,72,52,27,67,3,0.6
150,81,52,14,67,3,0.6
150,69,48,0,67,3,0.6
150,78,47,36,67,3,0.6
150,78,53,76,67,3,0.6
150,78,51,2,67,3,0.6
150,83,55,78,67,3,0.6
150,66,52,2,67,3,0.6
150,85,60,50,67,3,0.6
150,78,57,13,67,3,0.6
150,67,41,157,67,3,0.6
150,77,51,66,67,3,0.6
150,80,55,17,67,3,0.6
150,70,47,46,67,3,0.6
150,80,61,80,67,3,0.6
150,73,52,24,67,3,0.6
150,76,53,20,67,3,0.6
150,76,55,18,67,3,0.6
150,67,53,15,67,3,0.6
150,86,58,11,67,3,0.6
150,81,53,99,67,3,0.6
150,78,52,4,67,3,0.6
150,77,48,5,67,3,0.6
150,75,55,12,67,3,0.6
150,78,63,13,67,3,0.6
150,75,47,134,67,3,0.6
150,76,50,90,67,3,0.6
150,87,55,5,67,3,0.6
150,76,46,18,67,3,0.6
150,75,52,82,67,3,0.6
150,73,48,34,67,3,0.6
150,82,56,30,67,3,0.6
150,78,54,0,67,3,0.6
150,74,51,93,67,3,0.6
150,87,56,60,67,3,0.6
150,78,43,148,67,3,0.6
150,77,56,71,67,3,0.6
150,80,51,7,67,3,0.6
150,81,44,123,67,3,0.6
150,82,57,50,67,3,0.6
150,77,54,3,67,3,0.6
150,80,61,6,67,3,0.6
150,80,51,6,67,3,0.6
150,76,54,16,67,3,0.6
150,60,34,141,67,3,0.6
150,72,42,53,67,3,0.6
150,80,56,104,67,3,0.6
150,85,58,2,67,3,0.6
150,82,55,74,67,3,0.6
150,84,58,12,67,3,0.6
150,87,58,14,67,3,0.6
150,71,45,73,67,3,0.6
150,72,40,50,67,3,0.6
150,67,43,110,67,3,0.6
150,76,47,104,67,3,0.6
150,66,36,75,67,3,0.6
150,75,52,21,67,3,0.6
150,82,57,64,67,3,0.6
150,77,49,60,67,3,0.6
150,83,61,59,67,3,0.6
150,80,58,3,67,3,0.6
150,77,50,27,67,3,0.6
150,88,50,128,67,3,0.6
150,77,54,0,67,3,0.6
150,76,50,3,67,3,0.6
150,76,45,10,67,3,0.6
150,79,42,129,67,3,0.6
150,78,52,5,67,3,0.6
150,62,38,94,67,3,0.6
150,77,59,1,67,3,0.6
150,75,48,103,67,3,0.6
150,76,58,10,67,3,0.6
150,72,52,25,67,3,0.6
150,72,46,40,67,3,0.6
150,83,62,16,67,3,0.6
150,74,49,11,67,3,0.6
150,65,41,2,67,3,0.6
150,73,50,78,67,3,0.6
150,83,49,2,67,3,0.6
150,76,60,7,67,3,0.6
150,74,45,117,67,3,0.6
150,83,61,12,67,3,0.6
150,76,45,15,67,3,0.6
150,69,40,8,67,3,0.6
150,81,55,48,67,3,0.6
150,77,53,37,67,3,0.6
150,82,52,69,67,3,0.6
150,68,48,6,67,3,0.6
150,84,52,23,67,3,0.6
150,73,54,66,67,3,0.6
150,67,49,19,67,3,0.6
150,78,50,126,67,3,0.6
150,71,45,57,67,3,0.6
150,78,55,0,67,3,0.6
150,76,49,3,67,3,0.6
150,70,40,4,67,3,0.6
150,88,51,9,67,3,0.6
150,74,54,69,67,3,0.6
150,83,59,2,67,3,0.6
150,81,57,14,67,3,0.6
150,77,53,11,67,3,0.6
150,88,56,0,67,3,0.6
150,73,47,107,67,3,0.6
150,85,60,82,67,3,0.6
150,71,54,60,67,3,0.6
150,66,39,85,67,3,0.6
150,78,52,4,67,3,0.6
150,79,55,43,67,3,0.6
150,73,39,123,67,3,0.6
150,76,52,0,67,3,0.6
150,70,50,17,67,3,0.6
150,72,49,58,67,3,0.6
150,73,55,60,67,3,0.6
150,86,57,4,67,3,0.6
